sample_id,fault_type,fault_component,input_voltage,output_voltage,current,temperature_1,temperature_2,tp1_voltage,tp2_voltage,tp3_voltage,continuity,fault_label,component_label
healthy_0001,healthy,none,12.074507122951683,4.988938855906305,0.1929537707620138,33.04605971281605,30.531693250553328,11.976586304305082,11.45792128155074,5.061394778332232,1,2,5
healthy_0002,healthy,none,11.929578842109755,5.043404803486877,0.1707316461437507,29.068540492859487,31.48392454313207,11.80867197553422,11.127508216748698,4.955016997660723,1,2,5
healthy_0003,healthy,none,11.848075331949836,5.025139786607622,0.1618395184895757,27.175392597329417,33.93129753784311,11.977422369951348,11.306752820468793,4.886020145102924,1,2,5
healthy_0004,healthy,none,11.918342591321222,5.008873807176789,0.1569801284515539,30.751396036691343,29.79872262016239,11.970830625020673,11.239829338777062,5.148182254760715,1,2,5
healthy_0005,healthy,none,11.997975416289307,4.915383125683528,0.1964508982420637,27.558312700057957,31.41772719000951,11.804032987612022,11.167181395110156,5.01574889886953,1,2,5
healthy_0006,healthy,none,12.110769986999312,5.013709462495197,0.1776870343522351,29.397792608821423,28.042956019265144,11.92801557916053,11.253936122904022,5.084569778097514,1,2,5
healthy_0007,healthy,none,12.051542743435268,4.858956787570981,0.1864816793878959,29.229835439167367,29.64615599938808,12.061167628884087,11.403099952249596,5.074502409529296,1,2,5
healthy_0008,healthy,none,11.874117371516604,4.975263009931902,0.1866252686280712,31.95109025424472,30.04165152430942,11.98143410233362,11.189366502599398,4.904303470073546,1,2,5
healthy_0009,healthy,none,12.12187887335913,5.108499202285666,0.1785597975683933,32.00706579578405,31.723272050095268,11.935488024539488,11.336139560550842,5.123042925317278,1,2,5
healthy_0010,healthy,none,11.994626094133508,5.12517149246512,0.1276050979182051,31.643805008750448,31.17409413647634,11.970099264953411,11.30917607765355,4.840994486831929,1,2,5
healthy_0011,healthy,none,11.967049216824371,5.028569005720939,0.2095578808948303,28.963459563452705,29.383012794213624,11.949824295641546,11.391540211770208,5.026300088772775,1,2,5
healthy_0012,healthy,none,11.920535969434944,5.041061394649068,0.1819415509869608,31.937289981065778,29.595893812245293,11.967233785340223,11.260789184686786,4.882918804149431,1,2,5
healthy_0013,healthy,none,12.044418041559686,5.020884421774391,0.1801022691328492,29.530825733249703,28.169258515899173,11.957935467723464,11.265728548347324,4.935817818462271,1,2,5
healthy_0014,healthy,none,11.9758071432501,5.032324068545163,0.2177237180242106,30.34915562566368,31.51510078144553,11.992555408423383,11.108122878470096,4.997878889964063,1,2,5
healthy_0015,healthy,none,12.009034531491157,5.197059368998823,0.1761527807043775,30.603094684667223,30.930576460589517,11.883132196238046,11.414282281451502,5.0601546426149415,1,2,5
healthy_0016,healthy,none,12.118654792056455,4.927249003616421,0.2080558862187219,27.19629787441544,32.17371418760054,12.219045562580998,11.200946367486932,4.954696181631778,1,2,5
healthy_0017,healthy,none,12.014947704763149,4.959721947670704,0.1489867313786773,30.137125949612056,28.87539257254779,12.047359243063518,11.20805757657662,5.123994752401403,1,2,5
healthy_0018,healthy,none,11.882512006149565,4.974235078703546,0.1962703443473933,27.53827136713209,31.454919869208258,12.130714275428245,11.139251676543878,5.014770708682584,1,2,5
healthy_0019,healthy,none,12.038982419137264,5.062545829742185,0.1552609857824383,27.359086773831446,32.0438831312338,12.02969846732332,11.325049285034588,5.027715856759758,1,2,5
healthy_0020,healthy,none,11.897996291763226,5.01858029577288,0.1858614494659736,28.571297163947264,34.731549022289514,12.04738329209118,11.180869650279735,5.052524288690706,1,2,5
healthy_0021,healthy,none,11.8537977494659,5.062966768299396,0.203171911580148,28.358635363296575,32.92675225848864,12.04127809269365,11.382206015999447,5.151743438612316,1,2,5
healthy_0022,healthy,none,11.96319178259957,4.939701106851401,0.1622097114074895,28.368379430069123,30.845796581171797,12.034115197481665,11.327669079933004,5.066174659922882,1,2,5
healthy_0023,healthy,none,12.001950283781689,5.116282726172585,0.1747068633352408,35.44033833317924,32.25133469553001,11.914284244358372,11.192910750193889,5.038597793219455,1,2,5
healthy_0024,healthy,none,11.966480582201122,5.057120039527367,0.1894647524914708,29.854342174686256,29.30641256386319,11.848515277531414,11.255348504793298,5.068511903545878,1,2,5
healthy_0025,healthy,none,12.03211406161953,4.900340897703041,0.1834636185170236,30.770634759457675,29.23228512759773,12.015372510594553,11.3058208718446,4.90856237617355,1,2,5
healthy_0026,healthy,none,12.053668104052242,5.044862762109458,0.2016610248635055,32.10760410406981,28.244661264085817,11.906217496008487,11.351503526720869,5.041102876072976,1,2,5
healthy_0027,healthy,none,12.077257152945908,5.308218519252378,0.1914178102138633,32.2711312803612,32.908003526986406,12.06513912513058,11.268473075535969,5.060717537639461,1,2,5
healthy_0028,healthy,none,11.884076217819365,4.981054511460799,0.1702927290434179,30.163748278772644,35.629317133347016,11.813273480740826,11.368626019037452,4.870982730304828,1,2,5
healthy_0029,healthy,none,11.929210220131583,5.087116047757389,0.1812856003819092,27.844510444141388,29.569392581480063,12.067959774893469,11.226963336828288,5.017316687166558,1,2,5
healthy_0030,healthy,none,12.006835775985572,4.947871972191535,0.2228788817865065,31.267838044636022,26.949714826684787,12.018645431476942,11.233821353523162,5.068194666783698,1,2,5
healthy_0031,healthy,none,11.881121889235096,4.990821084682648,0.1900997455796091,31.731510388340244,28.59940718588845,11.966549876415906,11.252505468883903,4.947733661394103,1,2,5
healthy_0032,healthy,none,12.264818136042164,5.032398536876877,0.154782320913299,31.835723894109552,35.244312394025265,12.103246526055116,11.1480630034046,4.9612612741707,1,2,5
healthy_0033,healthy,none,12.190036672377994,4.943386442750498,0.1888763885629245,31.549268106858676,29.146139056843836,11.99404746439382,10.975873265993094,4.918048988693257,1,2,5
healthy_0034,healthy,none,11.962114777291026,4.900177345442812,0.2126482260786327,27.13971724407873,30.119911026606037,12.013074057728607,11.444127328906612,4.885131027905645,1,2,5
healthy_0035,healthy,none,12.174474562823244,5.000818644881567,0.1603698269790409,30.924206948526543,31.398119391146945,11.93997831228412,11.306980208499002,4.969174912251059,1,2,5
healthy_0036,healthy,none,12.017027601787689,5.052970453961684,0.211720336322907,27.5243690023463,35.266066749312536,11.80479122004775,11.284821490496444,5.047065376518766,1,2,5
healthy_0037,healthy,none,12.042148780160256,4.950184038414353,0.1758375549928545,29.01399813068233,29.821270486111576,12.084960209702102,11.335701548596504,4.944567232379148,1,2,5
healthy_0038,healthy,none,12.134939981314988,5.024583961670129,0.1962572423767792,31.259257683847224,29.34200997815585,11.943981895980302,11.374729360512326,5.0488296212346775,1,2,5
healthy_0039,healthy,none,11.996864760905378,5.009386190664703,0.2055532979157684,28.81685722232834,32.094194762340074,11.979780734756613,11.278231879677278,5.087902148158976,1,2,5
healthy_0040,healthy,none,12.123812452348204,5.065080770880051,0.2061095761430866,30.04200768326552,32.36390594258993,11.968973324340654,11.332416635248846,4.9895885556505855,1,2,5
healthy_0041,healthy,none,12.014549394748908,5.047612562034953,0.1636355863353305,34.18477455137092,28.987965237000594,11.878581138721229,11.415811087350008,5.063333015517035,1,2,5
healthy_0042,healthy,none,12.093617972557825,5.050267640741143,0.1797550645430617,28.20549125702834,31.15160911638745,11.932283828848789,11.397511973341777,4.988235409479829,1,2,5
healthy_0043,healthy,none,11.876175420481124,4.974289132667761,0.1882586290855124,28.87255089439205,29.355559208867135,12.024368721149193,11.324496657110872,4.959444545970309,1,2,5
healthy_0044,healthy,none,11.929344254157252,5.018563994988611,0.1510383131700535,27.18507245124689,29.563111557495127,11.978655284828816,11.3310907565598,5.118028497355964,1,2,5
healthy_0045,healthy,none,12.128648943480304,4.987204917602925,0.1796196758419462,27.994941270724382,30.96297372801522,11.971134136107986,11.33227185603381,4.933821524515814,1,2,5
healthy_0046,healthy,none,12.077901977136175,5.122619113040206,0.1778247970308628,30.80342344419788,32.38028798342223,11.959877952811416,11.322409248181042,5.001007392062544,1,2,5
healthy_0047,healthy,none,12.014651414782325,4.938159217291562,0.1804902034851788,30.9959965824909,33.902287215590086,12.09592708260852,11.515318245751155,4.938612194968956,1,2,5
healthy_0048,healthy,none,12.1308480955081,5.014667360459068,0.2237960586643534,28.383403429289697,29.32055631563845,11.940060735455598,11.08761042756902,4.957939598265539,1,2,5
healthy_0049,healthy,none,11.886130100766945,5.012031502918097,0.1868351195155431,33.752341678431776,32.9008476763721,11.94230963443376,11.210158532865163,5.03935353372052,1,2,5
healthy_0050,healthy,none,11.801965018946904,5.146516701268348,0.2035888024144257,29.06164869579059,27.573730941818244,12.13538723741654,11.288546015474738,5.099025304957877,1,2,5
healthy_0051,healthy,none,11.760835851180843,4.952049998163698,0.1801048739943636,30.093961187529484,30.099869057041516,12.06228499323475,11.193237957061742,4.9886096411982965,1,2,5
healthy_0052,healthy,none,12.018044344756785,5.0411551067247,0.1942322975617778,27.750715816324263,27.93177165852876,12.127767682189852,11.33323140119796,4.940121077075475,1,2,5
healthy_0053,healthy,none,12.232672796328378,5.009253970743429,0.2035859436812765,30.13503696282022,35.121495849763974,12.17553408424432,11.275103585152094,5.077725676076349,1,2,5
healthy_0054,healthy,none,12.096806392437772,5.109490524602588,0.1607015307883979,31.37210291999688,33.11684897369918,11.82412605135769,11.181674148733425,4.836861425779192,1,2,5
healthy_0055,healthy,none,11.959588974833316,5.057403380463677,0.2100471410419205,30.14818956083955,34.257231091142586,11.86198985417851,11.129661756064484,4.995556184088271,1,2,5
healthy_0056,healthy,none,12.057609817340897,4.997384420152472,0.1386511579992024,29.821759920974426,28.39106099899029,12.066967254883004,11.336659824609686,4.924809617093811,1,2,5
healthy_0057,healthy,none,11.922919962399495,4.915262918248884,0.1787464180545365,31.91028464100248,29.028547907328917,12.050404651551784,11.246974238162757,4.936570173419012,1,2,5
healthy_0058,healthy,none,11.983945446006816,4.91718061420645,0.1689270138930563,27.6042442148223,34.92945026583278,12.003526355197172,11.230027449200742,5.0171183928587375,1,2,5
healthy_0059,healthy,none,11.983150792546375,4.982322432037342,0.1922833340008685,31.51501542009461,29.938997704778945,11.942418175935533,11.272494830284836,4.815846306821153,1,2,5
healthy_0060,healthy,none,11.772721340670218,5.109349941395562,0.2128993542700256,29.501927920887244,32.15311392611153,12.031125015454354,11.607888080845523,5.089565992914766,1,2,5
healthy_0061,healthy,none,11.980812361277884,4.923556764751966,0.1478710735948485,30.40692727173445,29.487298509431398,11.857774629040232,11.235342711575749,4.913476159710848,1,2,5
healthy_0062,healthy,none,12.253071245260884,5.070531180555956,0.1798405471736676,32.95988827778005,31.154736615295235,11.913871579867171,11.452312407726966,5.043112803494773,1,2,5
healthy_0063,healthy,none,11.844413076851032,4.984772905753311,0.1624876349323048,27.234400538071327,32.85235509506328,12.190941664047012,11.160143242618089,5.0450375389352455,1,2,5
healthy_0064,healthy,none,11.902403614631726,4.961029969298824,0.1681521215152226,28.272018460640368,31.097043255889652,11.916904988358896,11.327045682577983,4.995980951244069,1,2,5
healthy_0065,healthy,none,11.964157792970038,4.927394907036672,0.1684645733886333,31.51078245165151,32.00183437524876,11.902244475520146,11.309933230542924,5.060110969869744,1,2,5
healthy_0066,healthy,none,11.749589207831797,5.043468815390395,0.166747524821083,31.14119733718632,29.473481686914965,11.819511789933548,11.137245756211684,5.003846795732911,1,2,5
healthy_0067,healthy,none,12.038958375258222,4.927654669991648,0.1927718491755474,26.67695987546208,30.867840402705365,11.878898380023754,11.234816389219786,5.003791893705313,1,2,5
healthy_0068,healthy,none,11.870937995207408,4.969235556461614,0.2001258561842888,28.846216260953703,32.671384224130286,11.88702931453424,11.352980417791528,5.115325489652632,1,2,5
healthy_0069,healthy,none,11.629253324980906,4.936248379562362,0.1915414425436108,29.59390922791401,31.742291746742616,11.93960148132842,11.30865897874729,4.987545821168633,1,2,5
healthy_0070,healthy,none,12.175167309248971,5.020353667464097,0.186752053241504,29.176246067755063,30.024787551855013,11.956744181218038,11.33944521423783,4.966321241534379,1,2,5
healthy_0071,healthy,none,12.04346622853446,5.166032063891636,0.1974224940686338,29.34795293566432,33.40242784432789,11.959192462697844,11.096187546482216,4.919353095126608,1,2,5
healthy_0072,healthy,none,11.71938121184612,4.971878921276695,0.180368367583791,33.352874624550566,31.653854747528325,11.978089947119114,11.38294055811835,4.823109175279369,1,2,5
healthy_0073,healthy,none,12.035342183716285,5.061669215510958,0.1504282750844031,32.28750808641386,31.67699281498883,11.95847120860992,11.363278186610628,5.181655428624351,1,2,5
healthy_0074,healthy,none,12.027279938258774,5.019857646904027,0.1708127820091951,28.300311261070416,32.66067163308849,11.914391617409112,11.30715662372194,4.961787404258791,1,2,5
healthy_0075,healthy,none,12.07184697386196,5.026692968422956,0.2007507988851579,28.979967202290503,30.460250129413257,11.90212362842177,11.25557067399239,5.030184039443588,1,2,5
healthy_0076,healthy,none,12.113548292496803,4.92622677406579,0.1973921184021132,32.7112757176099,31.8268698064474,12.187679581255807,11.222621080089644,4.900427623735086,1,2,5
healthy_0077,healthy,none,11.73319196266436,5.119683544919135,0.1930873131270811,29.88883065817909,31.55993725263964,11.887451095270162,11.544575197961684,5.010337694558018,1,2,5
healthy_0078,healthy,none,12.016409219190734,5.058061329911896,0.1896201846347342,30.447768048558263,29.419051089109377,12.0471468357136,11.488202449647504,5.107633603692398,1,2,5
healthy_0079,healthy,none,12.23897799399591,4.959102745885505,0.1602079035948283,29.748426159800704,31.111449824577388,12.109419151847096,11.130753537028518,5.122364025556849,1,2,5
healthy_0080,healthy,none,11.976298815213152,4.965849514404207,0.1597579124947966,26.690286656268466,32.64634116792383,12.00733179671884,11.171003910025895,4.896393698234911,1,2,5
healthy_0081,healthy,none,11.94963229510648,5.133521722023152,0.1748081729727279,26.99371409376379,30.50851387182811,11.972727643025232,11.030311335705845,4.995656410678575,1,2,5
healthy_0082,healthy,none,11.9653598204687,5.055696509185074,0.2169791218989069,32.25313005909551,30.46222261889034,11.889347409125833,11.557335980324988,5.004737474721159,1,2,5
healthy_0083,healthy,none,12.002089393786942,4.9980699930312,0.1839616952153571,29.711279176152114,29.85267598623953,11.94531410587596,11.2967246729784,4.956526018309299,1,2,5
healthy_0084,healthy,none,11.893073132598426,5.008514418215352,0.1749004556515828,33.007985977165376,25.698060383213974,12.109150685192246,11.424608519249764,4.834128781407348,1,2,5
healthy_0085,healthy,none,11.948596860887948,4.970284730720337,0.1518497661056435,28.44436662481825,28.778848309068344,12.175227044342362,11.393567839314748,5.101724407599533,1,2,5
healthy_0086,healthy,none,12.108250809606483,4.909675858302622,0.1695095946744045,30.978749122455834,28.55574438221611,12.071299843017238,11.275967460184187,4.970014335396032,1,2,5
healthy_0087,healthy,none,12.106643995230524,5.035541064918883,0.1727806766836184,32.318659606728495,28.837873344800204,12.061593560694426,11.35931012579684,4.975236284854881,1,2,5
healthy_0088,healthy,none,12.048919953336318,4.899910913889176,0.198480540384138,29.63019572711402,29.95455395896192,12.104900922583688,11.229565630945723,4.887323096290915,1,2,5
healthy_0089,healthy,none,11.766505623971414,5.048480796107651,0.1543914129500743,33.50958836396873,26.83614118423256,12.169645636829005,11.321101746720265,4.992262951050368,1,2,5
healthy_0090,healthy,none,11.918262136978658,5.031930889148166,0.179247305951503,32.20660376403304,31.22845529732408,12.015030176146189,11.263638778778615,4.995444350102314,1,2,5
healthy_0091,healthy,none,12.046170265333808,4.86318652858747,0.1530362915578857,31.48652818804543,31.341730876255884,11.981601666364732,11.30184339330654,5.027806536428933,1,2,5
healthy_0092,healthy,none,11.919036047953597,4.937735621967815,0.1839169051019536,28.043254444769936,31.816505511428943,11.829741639576216,11.402915563732565,5.037807798593043,1,2,5
healthy_0093,healthy,none,12.03840446014708,5.078615278715641,0.2133094888892515,32.02874013003626,27.31825153733671,11.87204230332643,11.237518142230432,5.002087284016866,1,2,5
healthy_0094,healthy,none,12.077648853070368,4.941940494947723,0.1837353352895415,28.489234135293355,29.776964394016105,11.859333890315176,11.20767667538891,4.891865231550693,1,2,5
healthy_0095,healthy,none,11.8536190120534,5.084291343728627,0.1610120222233611,35.26476412967478,31.98663580176178,12.018483612369488,11.214164221981878,5.056024790352719,1,2,5
healthy_0096,healthy,none,11.913654326064334,5.009760785171629,0.2312016907653759,29.8078802005507,33.29854665257135,11.929682357487412,11.296501150950304,5.14166405085084,1,2,5
healthy_0097,healthy,none,11.905954941331837,5.144995884639754,0.1941550387091095,28.875066448211463,32.26481547811104,12.097255444962672,11.36218099622172,4.874382022408764,1,2,5
healthy_0098,healthy,none,11.89092942362627,4.98019850915588,0.178511331417999,31.241344195101355,31.35540200186651,11.86646556412899,11.338019785100595,5.048846859622706,1,2,5
healthy_0099,healthy,none,12.083968567189656,5.08646245804437,0.196678443090978,30.918360158456878,30.859668577082704,11.8339039066484,11.34296182191326,5.016615014973049,1,2,5
healthy_0100,healthy,none,12.040736825579303,4.897860113934375,0.1583788691918347,32.10630570666581,30.92088969228669,12.068150069737262,11.302831837613049,5.002380491159659,1,2,5
healthy_0101,healthy,none,12.1407425708964,4.9587164217426105,0.1819224155388196,29.07544942258992,30.13100754513537,11.969082787653136,11.322213377163372,4.961700110266921,1,2,5
healthy_0102,healthy,none,12.188363418836028,4.928431415822439,0.1762625671167728,29.12053788345165,33.893955768707464,12.019655477651158,11.403184453946864,4.881155170157042,1,2,5
healthy_0103,healthy,none,12.040057539880388,5.071170463649875,0.1816456797855084,32.130960750130704,29.965423099799256,12.140934744018558,11.529889812361926,4.970972915164827,1,2,5
healthy_0104,healthy,none,11.933174621789885,5.116270758169416,0.2115914429146142,28.954279945693465,30.15962636580829,11.971821539113948,11.165554948896572,4.926507844281264,1,2,5
healthy_0105,healthy,none,11.849378884987187,4.938576194791669,0.1793063022522643,30.46842946507304,34.101000985628154,11.90016459592612,11.39843223984766,4.982880892461959,1,2,5
healthy_0106,healthy,none,11.992580443552136,5.053985559373328,0.157545559568754,30.7648194923681,31.33290441642611,12.049245126400814,11.328916864390782,5.196424011192872,1,2,5
healthy_0107,healthy,none,11.904339002362304,4.957520243599855,0.1675371894715047,28.88904576167949,29.725225745386965,12.118901653110756,11.442050424798984,4.954340296500042,1,2,5
healthy_0108,healthy,none,11.875146664034366,5.037713244510912,0.1689555391143805,31.26586363551102,31.4058460417026,11.848425588500277,11.454750520133008,5.143670213847642,1,2,5
healthy_0109,healthy,none,11.908081696427342,4.968983875205121,0.1857173078144981,30.66891357997405,32.31708854534566,12.201020453876636,11.282305277250597,4.936136220436924,1,2,5
healthy_0110,healthy,none,11.79310211579782,4.941525596804646,0.179337460542524,33.589115727035576,29.964777401927652,12.02237879516389,11.298357710392724,5.095071461875847,1,2,5
healthy_0111,healthy,none,12.379039863881044,4.957530498166374,0.1702112111496355,32.08832175413814,32.363782979252626,12.184670732573604,11.358392818532597,4.971256632737036,1,2,5
healthy_0112,healthy,none,12.088598224603846,5.088696286446632,0.1964096436239472,31.014548062214597,33.133349379178306,12.116929559044568,11.438215899103753,5.051896791007171,1,2,5
healthy_0113,healthy,none,11.974932287952472,5.011737094914666,0.2041301793301671,28.366128658025527,31.737346617745803,11.960666118767264,11.302874482293484,5.102276149008584,1,2,5
healthy_0114,healthy,none,12.028664860202984,5.003714923852492,0.1528028771804016,31.49250713205444,32.29096836228215,12.216325472330546,11.2692221765047,5.017532026213115,1,2,5
healthy_0115,healthy,none,12.037407552556614,5.126196262381078,0.1780940893522609,30.55804305154068,32.21579301943308,12.018660912315635,11.255356638544948,5.015527199431864,1,2,5
healthy_0116,healthy,none,12.161044762478966,4.917878776047115,0.1826593934829375,28.59975837012165,33.390093257849685,11.847681309521622,11.244107815272844,5.030176950005162,1,2,5
healthy_0117,healthy,none,12.23482860438515,4.994739979114161,0.168896009466136,33.76231413888118,28.10397219916751,11.780119404337992,11.344001445005334,4.959835662051791,1,2,5
healthy_0118,healthy,none,11.846815077430392,5.056668515783948,0.1848760142754239,28.871842738526546,28.43939120265821,12.087245732828016,11.365020117795869,4.992065930897649,1,2,5
healthy_0119,healthy,none,12.27699554940715,4.914393218693908,0.1494894965815052,28.616183860237516,30.908827967289003,12.02433394493227,11.275876394214368,5.028164431721144,1,2,5
healthy_0120,healthy,none,11.812269086371431,5.115501168325861,0.1783569764321486,32.23459166317625,31.68545069275541,12.04567532191538,11.356976728023222,5.035816684801385,1,2,5
healthy_0121,healthy,none,12.096408413980132,5.106332202410594,0.1839304233940294,31.418007515177024,30.820528611425548,12.144011721544947,11.232360769794074,5.144075234632865,1,2,5
healthy_0122,healthy,none,11.993976307403347,4.885537991830557,0.1825620882982157,28.63789668505024,32.681287097977446,11.93473760206976,11.255381656678525,4.848836741524358,1,2,5
healthy_0123,healthy,none,11.932154052112638,4.806089653869684,0.1483219435302855,31.520829312288598,32.571600317301666,12.042545756178496,11.20330238568708,4.996183091508642,1,2,5
healthy_0124,healthy,none,11.999459619136417,4.907330824864596,0.210067966035343,31.754724581151343,30.558071652340672,12.002688583899452,11.320838280794757,4.8366612105260565,1,2,5
healthy_0125,healthy,none,11.96292339262191,4.945441260160176,0.1599675998021016,29.43779941422809,34.59537305369904,12.0640842861267,11.24288210102172,5.0458066225084925,1,2,5
healthy_0126,healthy,none,12.2099033154879,5.073970694633021,0.1811926073984034,28.70612644458885,32.39644662722718,12.039348538542177,11.389519322002776,5.050813744134557,1,2,5
healthy_0127,healthy,none,12.1574329072979,4.957181183075154,0.2063478813126865,30.3951992093848,35.15052174525053,11.931081218191045,11.473596380316526,5.015832862677012,1,2,5
healthy_0128,healthy,none,11.902287299457832,4.961289133275654,0.1735930538361136,30.848331892803834,32.045670976071,11.942629999606142,11.297564540773902,5.171381628688949,1,2,5
healthy_0129,healthy,none,12.259131475515106,5.034905893573923,0.180760069563364,30.24006265343652,32.227035945460834,11.89772074348016,11.274262346257666,4.866513274089793,1,2,5
healthy_0130,healthy,none,12.059883468390792,5.051775675176219,0.1703362707540125,33.14797352658007,28.54846867399532,11.853562511979018,11.322445181856,5.083767864208973,1,2,5
healthy_0131,healthy,none,12.25258915371868,4.963289258970485,0.2015736166686259,29.922983060998583,30.65474540011836,12.088365993748669,11.365232287841344,4.87388862744126,1,2,5
healthy_0132,healthy,none,12.221481052458884,5.110407308331796,0.1674887459698094,30.791607066874818,31.98806037256548,12.026067376582391,11.244969484615458,4.946270130564956,1,2,5
healthy_0133,healthy,none,11.996166889351285,5.093818321540749,0.1908720030918886,29.258771335827788,32.54339742129669,11.715145737936991,11.414876570037212,4.860822897697752,1,2,5
healthy_0134,healthy,none,11.945633858789533,4.910426408429909,0.1541063704855818,32.32165357475704,30.064597597376217,12.034650388173072,11.295307942112082,5.0381632661778495,1,2,5
healthy_0135,healthy,none,12.011523283659038,4.897360622064914,0.1999253363889428,29.01248683367737,27.8868362026805,11.957188483903408,11.450075979063431,5.068017739369079,1,2,5
healthy_0136,healthy,none,11.94770217983882,4.972059383654526,0.1735672989756523,34.153495967121685,31.763870904463108,12.043004164719108,11.403028345403184,5.019103132722121,1,2,5
healthy_0137,healthy,none,11.961143678126897,4.984292012073202,0.1785679748117187,29.92555552698032,32.45525908727396,12.00519458858073,11.37326400772156,4.993542673591313,1,2,5
healthy_0138,healthy,none,12.011795278547414,4.840143945237432,0.1983265534940496,30.692976951795984,32.996020219719306,11.710374462180631,11.508837470478074,4.988832829747586,1,2,5
healthy_0139,healthy,none,12.166227422510628,4.916807525829958,0.1922554781012513,27.893168873652687,29.75246207860839,12.19140313538668,11.280931759923666,5.017394629854378,1,2,5
healthy_0140,healthy,none,12.130510159603311,5.039654551037809,0.1830083781028715,30.72992200493245,35.80683117047655,11.99423812029664,11.320109904671495,5.084052351680609,1,2,5
healthy_0141,healthy,none,12.165828889943697,5.09496242444483,0.1927746044405837,27.713990174539035,34.26686306460219,11.88536546069813,11.330263546523904,4.939657931998451,1,2,5
healthy_0142,healthy,none,11.99037924801105,5.026300992824279,0.1864271443090054,30.843841508470568,34.227422538117295,12.045353430151398,11.275584336470937,5.077126973463068,1,2,5
healthy_0143,healthy,none,12.178420573338697,4.901791374789041,0.1919480013969971,31.4023454846218,30.404872993280016,12.137570681331162,11.284994441296748,5.0100461162777234,1,2,5
healthy_0144,healthy,none,11.97403922635742,5.001246323806518,0.1580744982620959,27.11989823481141,34.18901012644994,11.915303865168168,11.20086076505437,4.827728790911703,1,2,5
healthy_0145,healthy,none,11.904155737846574,4.8941528165274,0.2128403032027273,32.019634178685266,29.623699309644557,12.22524358053443,11.39817654869916,4.974013489319311,1,2,5
healthy_0146,healthy,none,11.625089142768964,5.183275405807259,0.152208550664728,26.709202506086218,33.04514086401928,12.243975240633928,11.438427281851052,5.045112729604189,1,2,5
healthy_0147,healthy,none,12.089213151249792,5.068273244702425,0.1951785717957353,30.56238284793875,31.208402207903752,11.993740687210048,11.224603541113334,4.977545993850658,1,2,5
healthy_0148,healthy,none,11.746056477870692,4.99213282985642,0.1602281778569816,27.792821365568457,31.35978830230696,12.13920022863446,11.391831660600232,4.8743599517101455,1,2,5
healthy_0149,healthy,none,11.851555779514449,5.075261695039058,0.1603502521292338,29.55073370000595,32.1001041980491,11.903165554513636,11.310537550614598,4.893277960406544,1,2,5
healthy_0150,healthy,none,11.909794853407318,5.025582554731403,0.1481401253293666,30.8809494759208,30.96072440214664,12.055248995441715,11.322391413406466,5.109131234397908,1,2,5
healthy_0151,healthy,none,12.018783675397186,4.96564755670998,0.1824459500606456,31.08659605807277,31.097720140651408,12.004059169120389,11.229800831219324,4.946967926595924,1,2,5
healthy_0152,healthy,none,11.789609209230044,5.139966139454955,0.1551227352921743,28.614189604408185,29.563185468861604,12.089492437694444,11.270505032170798,5.099819365813898,1,2,5
healthy_0153,healthy,none,11.89897640636342,5.022319532977904,0.1632930589348048,34.29029825554677,28.62480316194097,12.030982071022702,11.36337768809321,5.03310392779612,1,2,5
healthy_0154,healthy,none,11.972206851168345,4.989614344021326,0.1808762294395821,29.705995996743024,32.92775823358982,12.221052300159135,11.244250821499218,4.890415761633673,1,2,5
healthy_0155,healthy,none,11.986757692747313,5.206376747012346,0.1639265086406053,33.27823361088814,34.35540162815288,11.9446411758292,11.356898307918527,5.130271729850283,1,2,5
healthy_0156,healthy,none,11.943130838851877,4.983713571191811,0.1683663817210271,27.970486538614267,29.701444909867988,11.877605973323774,11.303408346825924,4.938402141515309,1,2,5
healthy_0157,healthy,none,12.035067886768612,4.8755283483037095,0.1866176046442891,31.66705792321785,27.01252871485709,12.037405656984758,11.42276689924733,4.903228718504703,1,2,5
healthy_0158,healthy,none,12.250885858025656,5.033521520749284,0.1658997628848318,29.88846184468459,32.11665382504344,12.007600539141242,11.353875599244638,4.9263461125536505,1,2,5
healthy_0159,healthy,none,12.025404123605412,4.886902840247601,0.177775478773026,28.192184717070425,29.528940114820468,12.123609317521044,11.409131012059428,5.048731049672575,1,2,5
healthy_0160,healthy,none,11.836153085299111,4.974687324024416,0.2042619539995836,30.283433827279808,35.63865907996339,12.039331783939437,11.319204911649004,4.9752706828638,1,2,5
healthy_0161,healthy,none,12.020031135717344,4.987802413089557,0.1941621735337718,31.913404633589167,29.428021078984106,11.866876704644222,11.116379462689672,5.040639306153004,1,2,5
healthy_0162,healthy,none,11.83449500907392,4.827768752563801,0.1877715720906193,34.98599903486558,30.987858176920213,12.083849077445164,11.308182935854758,4.992088827744708,1,2,5
healthy_0163,healthy,none,12.137861472448163,4.976778036464908,0.185347846281438,30.643395612392027,29.6638190927139,12.099204234953651,11.28250402433046,4.939540387240572,1,2,5
healthy_0164,healthy,none,12.08047647653556,4.928122561456717,0.1805636231473825,29.981762006711595,33.17179113166316,12.047469823287996,11.297497304125486,5.065421303936023,1,2,5
healthy_0165,healthy,none,12.208531132352595,5.044624824508149,0.1802070523968676,27.37632753529968,28.86977267384925,11.969477529564534,11.239048779784072,4.985042295761164,1,2,5
healthy_0166,healthy,none,12.008497488734566,5.042375420348538,0.1785900244388181,30.973003287652404,31.12894882962024,11.802453343364611,11.206066460618125,4.988472995542271,1,2,5
healthy_0167,healthy,none,11.818545788573834,5.047994298399696,0.2106150166468739,32.43752370339463,30.573114258139583,12.149072613684996,11.314866745720211,4.973033122310557,1,2,5
healthy_0168,healthy,none,11.90798960046886,4.97580242508095,0.1722364636291754,30.340832444750976,31.32114796209973,12.000304602015342,11.343693816974636,5.095251701982908,1,2,5
healthy_0169,healthy,none,12.142433120316198,4.881208162524008,0.1289215773019609,31.86863982247855,28.26624260316916,11.977523459810731,11.182988697394064,4.855841564993598,1,2,5
healthy_0170,healthy,none,12.081219409230718,5.060732412824212,0.1684697919854656,24.817915415710186,29.90751110349504,12.039180400540255,11.152108843122589,5.014668793582333,1,2,5
healthy_0171,healthy,none,11.99770352262405,5.046343319968087,0.182391607368283,28.05386211823689,33.39314300332898,11.984147042697304,11.297269546049009,4.925338563274145,1,2,5
healthy_0172,healthy,none,11.933507662321274,4.929215782877848,0.1765410788015315,33.42341696028468,28.256197714137286,11.838643860212326,11.44711703274936,4.983254105827851,1,2,5
healthy_0173,healthy,none,11.899639089201012,5.083192374991686,0.1678876892052627,33.65201942709388,32.35585174267854,11.95120885918543,11.515730821326551,4.951542806159733,1,2,5
healthy_0174,healthy,none,12.111314305801397,5.02394340643252,0.2060348257879759,33.1230223934537,31.064008298131533,11.92465821296538,11.345997214293911,4.945782770419831,1,2,5
healthy_0175,healthy,none,12.302008087128993,5.010922826486619,0.1726935689737578,30.369360611729817,28.305747420940605,11.902838596148936,11.420041390794443,4.947448457682288,1,2,5
healthy_0176,healthy,none,11.842963352597708,5.042932220202183,0.2037140830932599,31.43790662133013,32.99209537161163,11.924320491143051,11.157818933325816,5.120106692156439,1,2,5
healthy_0177,healthy,none,11.95159802417368,4.9799333586835965,0.2065638828369811,31.11246001880132,31.911775544163216,12.216500234490107,11.235648176961986,5.074227210246499,1,2,5
healthy_0178,healthy,none,12.008551968734563,5.02148738230906,0.2105693685282506,31.01567151257925,32.07659215809927,12.10725073373098,11.263504727045712,4.93286322661288,1,2,5
healthy_0179,healthy,none,11.843278620896845,4.84269147284992,0.2211241425988064,27.793583268556635,30.557492752828452,11.972318670011107,11.33074066978091,5.065258977003143,1,2,5
healthy_0180,healthy,none,12.129071023253962,4.953353804914485,0.1766575657242717,30.5651599009766,30.502617747632907,12.160734557602,11.349097495163823,5.058790222883985,1,2,5
healthy_0181,healthy,none,12.099432190300112,5.093877908598826,0.1836204311740741,27.406336104088307,31.799375903505283,11.934864310620815,11.247138331825026,5.046909121500407,1,2,5
healthy_0182,healthy,none,12.185742460715046,5.001701726138885,0.1861766602519792,33.404429889270475,31.481506358977136,12.26016831141804,11.356550964563157,4.859138979267534,1,2,5
healthy_0183,healthy,none,12.11300124316568,5.030492670790622,0.2057950550816549,31.34636270253992,30.723088032032454,11.877570176371064,11.279097674271398,4.931958363663256,1,2,5
healthy_0184,healthy,none,11.912921482529292,5.047086272353649,0.2133980900870281,30.78934305964596,28.60823387592963,12.044460266822014,11.419663148664563,4.95121736765445,1,2,5
healthy_0185,healthy,none,11.979897424999065,5.001175055578336,0.1643020337383552,31.29656086768772,30.758103702784435,12.041953244390704,11.21125078221979,4.965003335974127,1,2,5
healthy_0186,healthy,none,12.108357203674164,4.970173347832659,0.2145392770246681,29.2007276287708,31.44936945150377,12.09325908318731,11.158163426706697,4.859135295041538,1,2,5
healthy_0187,healthy,none,11.771151552814484,5.101006728274174,0.168962837082151,35.116398571336504,29.871504802685223,12.018455130319705,11.454210995256789,5.16048743105273,1,2,5
healthy_0188,healthy,none,12.30922553649546,5.096669298447451,0.2004812505162292,31.18505389840237,32.55672215233328,11.944881428367149,11.21818011165777,4.999730043407124,1,2,5
healthy_0189,healthy,none,11.97447230662126,4.963741756053818,0.1939277489491343,31.910610417141022,31.176813772583696,12.147753008105528,11.18583108858665,4.984507243257623,1,2,5
healthy_0190,healthy,none,11.89247665190958,4.850677070634156,0.178346386283146,29.756504983233437,34.02689948648426,12.063081168455478,11.19758131756708,5.148327405306735,1,2,5
healthy_0191,healthy,none,12.183155054328802,5.04656781627749,0.1754703180230033,28.08112152655304,30.25558644785789,12.10887486197042,11.488458630593462,5.123459482261775,1,2,5
healthy_0192,healthy,none,11.926672586732058,4.910430605336879,0.182817724938224,26.463121268874296,31.646335428369564,11.985239741370131,11.253396349813176,4.872423754618656,1,2,5
healthy_0193,healthy,none,12.077040015985457,4.957383932827047,0.1566016632857942,24.2554755734367,30.94497018989873,12.177225159666976,11.466125921454788,4.963432299473098,1,2,5
healthy_0194,healthy,none,11.909668190945734,5.037501940486002,0.1600322912162341,30.603583799638933,32.532160556769384,12.12269332238843,11.289984592352006,4.9837060999858425,1,2,5
healthy_0195,healthy,none,11.868302611986516,4.933849571676811,0.1754704221619694,30.73473101363236,32.8271692524665,11.919682104931963,11.449268856895952,4.978310111916595,1,2,5
healthy_0196,healthy,none,11.996794905847734,4.940223065668175,0.1315151947945411,31.7680907927221,32.47368779418487,11.97186724428818,11.306699071722488,5.041275137416328,1,2,5
healthy_0197,healthy,none,11.76561812146702,4.957675785812296,0.1958852935924365,27.491421153661506,31.58711586433326,11.86434181953766,11.346642998243354,4.997148681416201,1,2,5
healthy_0198,healthy,none,11.757730227614172,5.093179148356573,0.165308168464039,28.37949512597124,31.401138394461885,12.11486373494287,11.19841781810216,5.004934387987838,1,2,5
healthy_0199,healthy,none,12.064322475049586,5.055448448581052,0.1835288311055445,29.26594432183336,29.34481955870256,12.008614388304638,11.19278609880144,4.766291961320431,1,2,5
healthy_0200,healthy,none,12.06548397062365,5.072314787286896,0.1327413512891632,27.980538590580124,32.23830852201039,12.20574954697117,11.302079370767542,4.941759764701669,1,2,5
open_resistor_0001,open_resistor,R1,11.972565533834274,1.5437191047870462,0.0235403582087546,26.401615986699493,28.034512955635936,11.904667139174128,6.036801094798439,1.60616961461739,0,3,4
open_resistor_0002,open_resistor,R1,12.048461890967404,1.136911624468428,0.0270818873108445,24.873618382606686,30.76621955429432,11.99221628029872,5.945856025922812,1.9982768919612155,0,3,4
open_resistor_0003,open_resistor,R1,12.044812936254852,1.0120522374762038,0.0257364240379445,30.29689141839351,29.226540821075528,11.856172202168263,6.275768680372561,1.0329639786152516,0,3,4
open_resistor_0004,open_resistor,R1,12.280994666432631,1.470012016428662,0.0255267810434124,30.562032723470224,29.135711021054806,12.08527736751222,6.145419845188343,0.9884108362522817,0,3,4
open_resistor_0005,open_resistor,R1,11.90346752515238,1.4574902043952902,0.0266522466789345,27.192703073516007,27.089754841301293,12.042359906559346,6.618757475772943,0.9331167714364316,0,3,4
open_resistor_0006,open_resistor,R1,12.003632918500914,1.5530551388538574,0.0292035860875428,28.904743592499468,26.87521294370624,12.042830709720764,5.943856720498635,1.4464324989199655,0,3,4
open_resistor_0007,open_resistor,R1,12.178107907734711,1.847390910504653,0.0357963317321357,28.65159263316433,29.388768603154677,11.964683370718932,6.101545153038507,1.1261496474652426,0,3,4
open_resistor_0008,open_resistor,R1,12.025269146440442,1.52939938390199,0.0199345743472035,30.27975712225809,31.63423013467973,11.988193147300892,5.363443530297421,1.048044503226392,0,3,4
open_resistor_0009,open_resistor,R1,12.194549181984168,1.1942829844252794,0.0200069776770508,26.990450157543567,30.681240053009105,12.054673356820135,5.928320370249092,1.108293897046328,0,3,4
open_resistor_0010,open_resistor,R1,11.941236277643426,0.9693974538753743,0.0461537568946944,27.35535906157732,31.434317041650992,12.152131605192244,6.299493269444388,1.0920949218204878,0,3,4
open_resistor_0011,open_resistor,R1,12.06055951355049,1.193951098402271,0.0209629813926987,28.648718563443207,26.6419204176804,12.118767938846156,5.860614810810482,1.2502899139682098,0,3,4
open_resistor_0012,open_resistor,R1,12.04249318073192,1.1352737565739806,0.0358669380147527,27.05019268675495,30.74259459491449,11.865402031975323,6.037913873863924,1.6847322497645711,0,3,4
open_resistor_0013,open_resistor,R1,11.849950301309164,1.0305637573687871,0.0351390784965891,28.3591635638792,29.70126019854712,12.048918713014766,6.190416440568531,1.4774249604890557,0,3,4
open_resistor_0014,open_resistor,R1,12.061472798539278,1.1396855863453643,0.0367257370120273,31.799763869790432,28.734732507234853,11.902547069532936,6.332124200786092,1.1699047090116004,0,3,4
open_resistor_0015,open_resistor,R1,11.674099568097894,1.4118554192876054,0.0246467181404607,27.81893343539168,29.663960661138027,12.019049967977908,6.212835545141711,1.0911284073575391,0,3,4
open_resistor_0016,open_resistor,R1,12.076965869726411,1.1351133306040206,0.037388104808875,29.230734968026105,27.129122595910808,12.108598211617505,5.839210966465785,1.4020144495702862,0,3,4
open_resistor_0017,open_resistor,R1,12.055093097010202,1.6595459191987807,0.0277653401762814,27.30136640776361,28.961160788224536,11.969682021716572,6.239982570582615,0.795922347890853,0,3,4
open_resistor_0018,open_resistor,R1,11.841947637128047,0.9330492696052016,0.0395030759197357,31.42122674516385,28.791101562925057,11.983117827681,6.021015648933955,1.4904695756520476,0,3,4
open_resistor_0019,open_resistor,R1,11.860897029871412,1.2595922456836963,0.0397519762978242,29.00218833987969,29.379163233197488,12.100104609256714,5.189030312100229,1.369468829882727,0,3,4
open_resistor_0020,open_resistor,R1,11.901888647530887,0.7423417757858857,0.0351120259952498,30.747317090325915,28.72510297074461,12.095287454720294,6.4836834773965935,1.5287286133960118,0,3,4
open_resistor_0021,open_resistor,R1,12.245994679405708,1.385531872767973,0.0307543363890159,24.796068376205664,28.5078750237401,11.91567534046838,6.651282815249344,1.1560285468919158,0,3,4
open_resistor_0022,open_resistor,R1,12.018480721017673,1.3378713440101169,0.0304360244637245,31.390102080861507,27.754701276531097,12.019460745523723,5.777258824290586,0.8699943721948236,0,3,4
open_resistor_0023,open_resistor,R1,11.908234636364208,1.190740800737897,0.0257069777548274,26.61515804025229,26.18736507265633,11.99168944273713,5.548583887790699,1.3900139909224003,0,3,4
open_resistor_0024,open_resistor,R1,12.012365962940176,0.8356121251337674,0.0269079092295013,26.495687188818835,29.63834902083836,12.134045044602315,5.437448259106277,1.2287565197868542,0,3,4
open_resistor_0025,open_resistor,R1,11.975980080665003,1.3678350191126163,0.0321319662823768,26.496061336522363,28.361892128666764,11.920397414319652,6.322802141579579,1.2053279121679854,0,3,4
open_resistor_0026,open_resistor,R1,12.28517860286295,1.1848347965463448,0.0229159323308953,24.972571214774344,25.39372064748811,11.84158640569945,6.080137995303445,1.3271812558074834,0,3,4
open_resistor_0027,open_resistor,R1,11.76282139469518,1.423759578519029,0.0251693894831656,28.2935860239711,32.22444125651085,12.089683931586553,5.91944080562825,0.977201943646178,0,3,4
open_resistor_0028,open_resistor,R1,11.677227689800604,1.0202116701893948,0.027888697611723,26.02564094569763,28.73748606581539,12.007685188295875,5.932543205457576,1.037499354794135,0,3,4
open_resistor_0029,open_resistor,R1,12.025298200795008,1.310485162392352,0.0190960092255715,30.82186475949254,28.80282373543148,12.001884962294485,6.212464326976967,1.2583040328158754,0,3,4
open_resistor_0030,open_resistor,R1,12.142970495086988,1.271781041300456,0.0238756262535956,28.723007050412203,26.71254758535868,12.010855970577651,5.990031002806662,1.147970785681865,0,3,4
open_resistor_0031,open_resistor,R1,11.98071937328416,0.7295377386255901,0.0245127509225903,28.18568980228223,29.3197127839948,11.897232485907404,6.379712352259411,0.9834562879463749,0,3,4
open_resistor_0032,open_resistor,R1,12.14541858007901,1.3067985904679211,0.0235377269015619,31.550621785219025,26.61272633648704,12.091915417361,6.300174695412894,1.0323449477308388,0,3,4
open_resistor_0033,open_resistor,R1,12.20886979500965,1.1374883713502617,0.0328869362927985,28.52064367754244,28.731382517058904,12.081080827315978,6.238046616165664,0.7628670066904548,0,3,4
open_resistor_0034,open_resistor,R1,12.195651036431723,0.7843770029910814,0.0403254620434165,30.253410273655167,26.818067139569603,11.958918571204542,5.668288599454219,1.146269742427816,0,3,4
open_resistor_0035,open_resistor,R1,11.953794857372138,1.3949151330673348,0.043103087461196,30.791367621579912,27.8756639468434,11.979077812625547,5.494968542333715,0.9985324833759528,0,3,4
open_resistor_0036,open_resistor,R1,12.14472774496462,1.6038957058870578,0.0176565112812007,26.81507148169421,28.947188486082148,12.02801611588196,5.757118944023506,1.3060152611160225,0,3,4
open_resistor_0037,open_resistor,R1,11.928924097939362,1.19638693228043,0.035462842480037,28.01284453962188,28.12722821894686,11.989039019607416,5.973491112238399,1.107497242529468,0,3,4
open_resistor_0038,open_resistor,R1,11.961180590599934,1.5996617926261791,0.0356091944794123,27.40903936394168,30.39390880902147,11.9666180510244,6.351937391275992,1.2924105480495234,0,3,4
open_resistor_0039,open_resistor,R1,11.983904678399366,1.3119292314525697,0.014291238479315,25.74646506218039,26.61214998720189,12.014294309476371,6.519754499845528,1.757825036548158,0,3,4
open_resistor_0040,open_resistor,R1,12.095707665216114,1.3252111187361142,0.0119894226584726,26.91465240053196,27.42443249618352,11.937915240174888,5.949556854424563,1.0819773555757182,0,3,4
open_resistor_0041,open_resistor,R1,11.703105028443632,1.386977564029383,0.0192725697426019,28.4784937282223,33.14816533949995,11.908061540841356,5.240913743176101,1.1284989445299722,0,3,4
open_resistor_0042,open_resistor,R1,12.165143945249786,1.6895868635551483,0.0177045040554758,28.993398446473044,28.06937908643989,11.989405164569586,6.793303004105111,0.8242574179012117,0,3,4
open_resistor_0043,open_resistor,R1,12.038060949224183,1.3169232929413583,0.0408578632493934,28.19596630694179,29.616101079008203,11.96083514325782,6.080738082373532,1.1142019311256472,0,3,4
open_resistor_0044,open_resistor,R1,12.093235783478407,1.1075974159890916,0.0337710039390218,27.941474372630044,31.252100501544337,11.99486062764115,5.468090259537935,1.5154803751784978,0,3,4
open_resistor_0045,open_resistor,R1,11.864140154870608,1.036558415337795,0.024043387059565,30.748876186341636,24.728651572042608,12.313774853366,6.316817042719816,1.2558097285322898,0,3,4
open_resistor_0046,open_resistor,R1,11.991765899907556,1.2713885187144145,0.0352112242837933,29.290431171900117,30.111208932006896,12.008958068125525,5.940798473907802,1.162181679086622,0,3,4
open_resistor_0047,open_resistor,R1,11.9707637579471,1.483442524216766,0.0359355672228086,22.11922273067144,30.31180155305952,12.019473619471878,5.994387373066231,1.1028703867277785,0,3,4
open_resistor_0048,open_resistor,R1,12.168616907997905,1.4368816155307145,0.0222712233217639,28.814104574249072,27.05668653091743,11.862038183521108,5.81198483262301,1.4155983680956896,0,3,4
open_resistor_0049,open_resistor,R1,12.142968756806413,1.3282713550243233,0.0372509578684799,29.032356574229915,27.71703680955409,12.043192254467394,6.240122857568305,1.3885728324533937,0,3,4
open_resistor_0050,open_resistor,R1,12.178337005721197,1.377075961800266,0.0335144820754158,30.140300476632856,28.94695748150188,11.911812534877228,5.951079910816871,1.0137743387983875,0,3,4
open_resistor_0051,open_resistor,R1,11.898723258753844,1.1638703323211206,0.0220758007900003,27.38407694072192,25.21277066609243,12.021329370737291,6.0003616426086674,0.9957278422329524,0,3,4
open_resistor_0052,open_resistor,R1,12.09888685026486,1.4343925344066395,0.0139244013563102,26.47455044286757,27.461715300425404,11.906009689889114,6.248842452579525,1.151543465306799,0,3,4
open_resistor_0053,open_resistor,R1,11.960322773803409,0.6990344088983116,0.0363541803020922,25.521483210293056,29.119865260532656,12.02773769379582,6.408197578751596,0.872794900220222,0,3,4
open_resistor_0054,open_resistor,R1,11.547073176626876,1.2459623861884237,0.0480051118151085,30.47789270587888,29.41931883054925,11.950836381436796,6.242136778991193,0.9566134500738828,0,3,4
open_resistor_0055,open_resistor,R1,12.071453665403434,1.3263675397916566,0.0406020990749887,33.51932007782216,29.78483193435753,11.94910363742925,5.992327706342402,0.7577310237777204,0,3,4
open_resistor_0056,open_resistor,R1,11.89579303033664,1.097679390471724,0.024759116020654,28.304709744067445,27.3551601352356,12.112103066732448,6.00006211947546,1.1976749197153465,0,3,4
open_resistor_0057,open_resistor,R1,11.950815792523064,1.2387976709647448,0.0382509826466763,26.2657395685782,27.683767021849487,11.969627397122334,5.596238722958035,0.9951855350696256,0,3,4
open_resistor_0058,open_resistor,R1,11.928566868968302,1.4185972951781818,0.0326256132900192,28.38717982273509,30.701795924335944,11.98626282116006,6.117139454978667,1.174194561766876,0,3,4
open_resistor_0059,open_resistor,R1,12.039804352409943,1.0543103355971044,0.0056118284172357,27.73144167562739,31.84549627219988,12.09262154022416,6.289619245377351,1.5090326804515544,0,3,4
open_resistor_0060,open_resistor,R1,12.013298638644216,1.249328926851399,0.0238234810456564,27.3678542879459,30.231542299542284,12.120388443716882,5.958166117295701,1.087452683787147,0,3,4
open_resistor_0061,open_resistor,R1,12.000079193828489,1.3503016872322786,0.0155614518386645,23.407638093725524,27.898926301016832,11.877928757408585,5.847557940705807,1.1630549202956322,0,3,4
open_resistor_0062,open_resistor,R1,11.932012738646549,1.5631168836176863,0.0332674476460232,28.600948719221652,30.244414288086805,11.886116688221923,6.311733536226081,1.181058928366135,0,3,4
open_resistor_0063,open_resistor,R1,12.100572092586182,0.932035691739961,0.0144624123398393,29.63577931605006,29.752819052195036,11.90979484456425,5.739101075617592,1.4813586961036922,0,3,4
open_resistor_0064,open_resistor,R1,11.8215882160699,1.6106682383139908,0.0209937926535213,29.276783851216766,28.342763048502032,12.060318743108237,5.836765799365742,1.1593017734819264,0,3,4
open_resistor_0065,open_resistor,R1,12.006137876309358,0.9494531360546318,0.0374082434542012,26.97357286705683,28.542800169319964,11.90056506253915,5.231299902361407,1.1522430593499575,0,3,4
open_resistor_0066,open_resistor,R1,12.361892313241938,1.3961510719745058,0.029807396202656,27.474218341583462,29.04493178562409,12.05471191151752,5.645756155407346,1.478580423667218,0,3,4
open_resistor_0067,open_resistor,R1,12.107307197316189,1.3795464314269836,0.0343847573880972,28.03923331538798,30.34572247193364,12.059181413374136,5.893787786717692,1.0565995567757749,0,3,4
open_resistor_0068,open_resistor,R1,12.015278444289295,1.5872550378737968,0.0176089292434609,25.06494946849512,29.329521682473032,12.0050887701856,6.052002499311122,1.260988299477125,0,3,4
open_resistor_0069,open_resistor,R1,11.96651966180478,1.5724658596505203,0.0139909602152348,26.343005950439508,28.793490479701905,11.835681118884583,5.947243678670379,1.6153675414320046,0,3,4
open_resistor_0070,open_resistor,R1,12.003132973244394,1.257675226429671,0.0173983523482741,26.767277183921045,28.249607239352127,11.968228490324377,6.3844931385011305,1.3394227651812811,0,3,4
open_resistor_0071,open_resistor,R1,11.833281306459446,1.2616261946080012,0.0349822174849678,30.28029807704253,32.161081373136746,11.898490580817214,5.756742746636899,0.8856055352713459,0,3,4
open_resistor_0072,open_resistor,R1,11.964897021133952,1.3165895936115837,0.039873345165891,27.848097952714955,28.360304953490317,12.015175799224874,5.7494571295109935,1.7223846804236933,0,3,4
open_resistor_0073,open_resistor,R1,11.758850845932292,1.2461851447239312,0.0502360621922963,28.01359968912,28.61992192999701,11.964255457718956,5.9458824954712775,1.5432121186691323,0,3,4
open_resistor_0074,open_resistor,R1,11.668220713300574,1.583358425324081,0.0157604284754985,27.46669534153117,28.141511159402675,12.058855326977072,5.520562694434876,1.3155431665204858,0,3,4
open_resistor_0075,open_resistor,R1,12.303646443493028,0.8592064988517973,0.0318970616761039,26.67603564440678,29.85177441238607,12.001914777741575,5.807553927286707,1.3219680712177684,0,3,4
open_resistor_0076,open_resistor,R1,12.270652216468012,1.1522740520681751,0.0371975794214818,25.413454084257676,27.087127246363984,12.047240627788035,6.445234808560789,1.288903337196415,0,3,4
open_resistor_0077,open_resistor,R1,11.953041295421526,1.1998228513558384,0.0174959226603028,29.209030652710734,30.76466612464682,11.954790966716692,5.8589873556721495,1.266469557413012,0,3,4
open_resistor_0078,open_resistor,R1,11.934492039593913,1.1834668463435445,0.0509972178916651,27.50594859850801,28.283319695957555,11.935245819436483,6.223257591449981,1.154693956695474,0,3,4
open_resistor_0079,open_resistor,R1,11.902594044251789,1.530326008068253,0.0441960300451363,26.79915286852259,25.266920097278767,12.100751368983692,5.794611052271999,1.397656399790692,0,3,4
open_resistor_0080,open_resistor,R1,11.704484427343225,1.4231493345748272,0.0178882807071921,29.46152823813305,29.02854613567287,11.904606058060336,5.877889106121966,1.3715796142391752,0,3,4
open_resistor_0081,open_resistor,R1,12.015884167967284,1.346103245118121,0.0497644058451548,24.8715167765779,32.234425149937245,12.01043559375232,5.7303647855030615,0.8674215935652525,0,3,4
open_resistor_0082,open_resistor,R1,11.971631941383444,1.4304125279811148,0.0287245087962246,31.02230986049469,26.097648619896884,11.998791105215394,5.624281966676064,1.290907970656242,0,3,4
open_resistor_0083,open_resistor,R1,12.133033108514596,1.0948095515797367,0.0039578614337286,28.39789629359299,29.873477103467017,12.04042947549617,6.370734657546646,0.9322365800877376,0,3,4
open_resistor_0084,open_resistor,R1,12.102032415817568,1.4981268781194936,0.0122141241599348,28.63930365183796,27.991640337984656,11.991847732689836,6.104302945061501,1.078192858971612,0,3,4
open_resistor_0085,open_resistor,R1,11.898643788125758,1.208538104372006,0.0191275406113719,25.82834974222963,30.358746565913005,11.885120596484134,6.199893750272763,1.3156478232134878,0,3,4
open_resistor_0086,open_resistor,R1,11.74112899068141,1.0306088369160862,0.0419410940304737,26.037668937720635,28.071191475381223,12.046206089325189,6.235017152784779,1.137115278488876,0,3,4
open_resistor_0087,open_resistor,R1,11.910373470796252,1.555592465424627,0.0473889966379757,29.95771610156359,29.170636285130048,11.919173427835908,5.750866678033031,1.3306285263164392,0,3,4
open_resistor_0088,open_resistor,R1,12.062759733133303,1.5503996482366074,0.0365045009253613,24.993839396480364,31.10389523544584,11.90019393726856,5.884808618414295,1.2625500515629235,0,3,4
open_resistor_0089,open_resistor,R1,12.299350123467594,1.97747963900134,0.0360672305913618,27.633606762559225,30.0690112969611,12.088765542587383,5.903799712332843,1.6488028389780804,0,3,4
open_resistor_0090,open_resistor,R1,12.03451061387871,1.3244357722728486,0.0366592425205446,28.843173221228916,30.677881000939223,11.938274681345307,5.832509473816191,0.9249614417570762,0,3,4
open_resistor_0091,open_resistor,R1,12.065925184593034,1.3947341258780286,0.0345777286615188,31.34898486669508,28.988807962341905,12.066874165559252,5.672489737158205,1.1032250743813996,0,3,4
open_resistor_0092,open_resistor,R1,12.104330663634869,1.412275527685786,0.0270603305233581,27.856801496283865,25.96425250663838,11.96429707991934,6.267114949055936,1.3438012540266415,0,3,4
open_resistor_0093,open_resistor,R1,12.075099858207182,1.21244342179524,0.0300706315862817,26.679357721053105,30.39765684040507,12.04209729443894,6.14760565439784,1.0684912893331049,0,3,4
open_resistor_0094,open_resistor,R1,11.676998562019314,1.4742881779384238,0.0252116254399159,26.27444847191376,30.386957823827988,11.960798736008089,6.317980915213987,1.3542514873941744,0,3,4
open_resistor_0095,open_resistor,R1,12.102535398480072,0.8585110721998663,0.042119439853864,28.52250106246771,28.261445721507595,12.014338846734224,5.467129430130504,1.3021632028701675,0,3,4
open_resistor_0096,open_resistor,R1,11.84559427377269,0.8618324285391163,0.014776408137821,30.22537674997985,27.741473212614423,12.15337277099165,5.839259561084311,0.7731605106017633,0,3,4
open_resistor_0097,open_resistor,R1,11.8325213340077,1.5089529050017347,0.0284410182206333,26.9034254070188,29.320036451705576,12.050178273616757,6.3352196447707385,1.5621248074732317,0,3,4
open_resistor_0098,open_resistor,R1,11.946034703131636,0.8684880784794904,0.0258653483887672,28.52056101316577,27.07248214757878,11.904284908510496,6.103136364464966,1.187836912107387,0,3,4
open_resistor_0099,open_resistor,R1,12.004919549311738,1.0103761663249826,0.0276959928579423,26.15153371146339,30.78039682224957,12.103524933472375,5.446143641328572,0.9676222849518974,0,3,4
open_resistor_0100,open_resistor,R1,11.775520611736487,1.037494016398275,0.0291656203020963,25.10070956060294,27.15628037374937,11.89960426279185,6.062180198819683,1.2173360842590626,0,3,4
open_resistor_0101,open_resistor,R1,11.891739366999412,1.2442052180348495,0.0245331991541273,27.456689779347894,32.34690418059707,12.134046105179037,5.610125628921721,1.4074331044697936,0,3,4
open_resistor_0102,open_resistor,R1,12.121709483173738,0.9129341778118454,0.0381877764375486,31.075863836825107,26.75491038751117,11.908249717898574,6.3052984400530505,1.267873827706412,0,3,4
open_resistor_0103,open_resistor,R1,12.082721441285928,1.2851473041001242,0.0339069592092814,25.347055743377837,31.094635413242894,12.116958999242778,5.931182776779592,1.1891307625465344,0,3,4
open_resistor_0104,open_resistor,R1,11.77033387461664,1.3285636890044588,0.0357205744171414,27.87561796600138,31.248706719741005,11.966592276902006,6.16938177776808,0.945083915326971,0,3,4
open_resistor_0105,open_resistor,R1,11.996467177368864,1.156411435524291,0.0322530792204094,27.26094614233328,28.737054808656666,12.08260471714415,5.868970728828534,0.7983557248153301,0,3,4
open_resistor_0106,open_resistor,R1,12.262437585630812,1.5453635196726216,0.0170773730489438,29.37941561049039,27.994050458897316,12.026348721533106,6.088267238704048,1.1413980499209195,0,3,4
open_resistor_0107,open_resistor,R1,11.88243515016204,1.027364736920935,0.0208380808451875,26.33635558353911,28.86564341990129,11.928424001088924,6.204615619713786,1.5718115388339815,0,3,4
open_resistor_0108,open_resistor,R1,11.912992013794494,1.2598511251338442,0.0349968511030293,28.94400454183855,29.151910535832176,12.074268241835972,6.144674685804197,0.8905843944181755,0,3,4
open_resistor_0109,open_resistor,R1,12.130373409658391,1.4218227093166855,0.0223671389582141,28.075875670895204,30.36665798562214,11.979068618042064,6.321893414329804,1.79096812365484,0,3,4
open_resistor_0110,open_resistor,R1,11.882102095104752,0.8547388492115562,0.0330381859560487,29.443125010252288,28.53826725231046,12.145326066332103,5.598418260083025,1.373229655757903,0,3,4
open_resistor_0111,open_resistor,R1,11.909120876886163,1.629844476551824,0.0499251535316811,26.466686824433303,27.90088572818284,12.08595878869798,5.883860805063145,1.1886471955169404,0,3,4
open_resistor_0112,open_resistor,R1,12.003808263081362,0.7200817109505859,0.0298616225390576,26.62054445187165,28.01375435520045,12.14436320034688,5.623047931716223,1.4033012966869942,0,3,4
open_resistor_0113,open_resistor,R1,11.958155560450228,1.1300599578760413,0.0379037189605171,28.680102589137785,30.14122599443906,12.096818466053286,5.900607485045003,1.0469408163730625,0,3,4
open_resistor_0114,open_resistor,R1,11.83722742101633,0.9936473675052612,0.0594909442530872,30.489359161473573,26.29785126758396,11.867754204325642,6.144559818515548,1.3368161993444918,0,3,4
open_resistor_0115,open_resistor,R1,12.082332575297604,1.1362610516115754,0.0287454573999709,28.655759048318718,29.17178601258666,11.778069962725246,5.931060110827442,0.9871483914349216,0,3,4
open_resistor_0116,open_resistor,R1,12.026281712836276,1.9463147506508525,0.033674816654743,27.372940627655204,30.843603003954502,12.048268788720922,6.126028347135552,1.3517126483039177,0,3,4
open_resistor_0117,open_resistor,R1,12.30848153472443,0.9172778911685212,0.0347363207681145,26.147237740036925,30.11102529268449,11.908131348851391,5.874789955918475,1.1262275214405233,0,3,4
open_resistor_0118,open_resistor,R1,12.146372507901706,1.4296136109856037,0.0175428262355361,28.109868221999697,27.58084029050165,11.874149508932469,5.934894884872689,1.122879302886045,0,3,4
open_resistor_0119,open_resistor,R1,12.364007472951828,1.308239956340174,0.0162238249924576,26.870451991658115,31.0427665908588,12.208844277286993,5.5242050063286126,0.7300189037152387,0,3,4
open_resistor_0120,open_resistor,R1,12.280644776305769,1.297403544342726,0.0213170726812363,29.069258172244872,23.728504521966244,12.000337550659715,6.098346351852926,1.4310675348844577,0,3,4
open_resistor_0121,open_resistor,R1,11.84791560715612,1.2214217903508398,0.0207457537394041,28.51076751134864,27.209307355273957,11.95918991608398,5.701255381562931,1.3627840604559145,0,3,4
open_resistor_0122,open_resistor,R1,12.1287676674985,1.1413448575106464,0.0303823799496002,25.102817170732912,28.400646703986425,11.994979538295825,6.786237927308992,0.922008243556459,0,3,4
open_resistor_0123,open_resistor,R1,12.219626585812865,1.449214693366452,0.0328063640449013,31.51724096839027,29.744210945213727,12.038915919566794,5.9840638040947365,1.5058922206046568,0,3,4
open_resistor_0124,open_resistor,R1,12.164470385071631,1.043580678125947,0.0168075280540123,27.594038725208687,27.39992287120471,11.993647542538463,6.371231440405242,1.0856745862283024,0,3,4
open_resistor_0125,open_resistor,R1,11.993576492803264,1.2145056837020989,0.0384843088220528,23.50622133203079,27.786599410469407,12.021128369227949,6.360023686928058,1.0770243881234487,0,3,4
open_resistor_0126,open_resistor,R1,11.71851709409372,1.354927861491534,0.0236463761117437,25.62066668181928,27.751309220573557,11.981547464234415,5.818576600638536,0.6486084857252327,0,3,4
open_resistor_0127,open_resistor,R1,12.13455992953307,1.5187187603196806,0.036515219913395,25.724628659150365,28.597016932104964,11.999347868477054,6.179638316868573,1.3670851221795202,0,3,4
open_resistor_0128,open_resistor,R1,11.889873930183226,1.22049888910339,0.0345728040461524,30.91164464429353,30.409013079649448,12.078905668737551,6.025147988378809,1.552614786300876,0,3,4
open_resistor_0129,open_resistor,R1,12.061464419393925,0.9847280224566072,0.0440336997012519,29.395806545078056,28.113911957743035,11.952050703260076,6.088972663542228,1.315796198816896,0,3,4
open_resistor_0130,open_resistor,R1,12.02959383984468,1.2778271683607212,0.0469995737457638,30.14308630446977,29.38127118253005,12.094131058076748,5.690242828941738,1.299481762486702,0,3,4
open_resistor_0131,open_resistor,R1,12.271395952459969,1.1454885261519063,0.0215236607138091,26.69582222281388,26.820733925315224,11.92152380918723,5.888847570422992,0.8486082452053394,0,3,4
open_resistor_0132,open_resistor,R1,12.00234275009244,1.4255692934466615,0.0209224381985307,31.038567847283534,30.02158417705519,12.103058058562404,5.802649633844359,1.413631306766654,0,3,4
open_resistor_0133,open_resistor,R1,11.836209914940705,1.4225618752091271,0.0317183933979353,29.106502439969567,26.648810788750296,11.91049301577234,6.179168465476016,0.9629129989439498,0,3,4
open_resistor_0134,open_resistor,R1,12.069480943814868,0.8582155483849385,0.0384817421266666,25.534953370462983,30.10459987535905,12.0625630933646,5.790968454471128,1.3455066417711816,0,3,4
open_resistor_0135,open_resistor,R1,12.039066339500032,1.0652895359518153,0.0199144531592379,24.07474861665484,29.699300094599387,11.843519722863794,6.028603259832392,1.1341379459794376,0,3,4
open_resistor_0136,open_resistor,R1,12.10187141631573,1.124488625127534,0.026705522136529,29.463741408576592,29.67011605816824,12.03161559571828,6.140780276942558,0.8161069691982235,0,3,4
open_resistor_0137,open_resistor,R1,12.113518301998049,1.3531171985034005,0.019833168714235,27.5118390526516,28.921385424744734,11.986550321559829,6.10015798997056,1.5578416954577958,0,3,4
open_resistor_0138,open_resistor,R1,12.162265009150923,0.8719452016421484,0.0362206999030604,30.657866639070814,29.773617041378404,12.109098042518596,6.6036811337102295,1.4559273865267452,0,3,4
open_resistor_0139,open_resistor,R1,12.03739628934626,1.4612721185211883,0.0314488783309689,28.04780608656991,28.29717152857253,12.15634133588321,5.754471400217399,1.583091931169529,0,3,4
open_resistor_0140,open_resistor,R1,12.074979618561056,0.8501734562995146,0.0336764929299142,23.799946984696756,30.251016033662072,12.0885231482989,5.822293213304384,1.2308869239888955,0,3,4
open_resistor_0141,open_resistor,R1,12.293123615062544,1.0735633239345157,0.0194109241294339,30.9633268049252,32.92517438106159,12.000369567184784,6.303438910622507,1.5353689788827205,0,3,4
open_resistor_0142,open_resistor,R1,11.888627365119245,1.0786735411580328,0.0423087451315473,31.37002855741702,30.12576172034871,11.912018564649795,6.596118333509832,1.0672572755470089,0,3,4
open_resistor_0143,open_resistor,R1,11.949729332824282,1.2855844586224052,0.0455416042071477,29.70795195310445,29.82973100072382,12.046328853011811,6.01305440059304,1.3395348786296266,0,3,4
open_resistor_0144,open_resistor,R1,11.620565988345854,1.1258481352325505,0.0324132193491678,25.697971832760985,29.77264663562312,11.979552877901387,6.526642709494647,1.593254931303714,0,3,4
open_resistor_0145,open_resistor,R1,11.930129164632277,1.162290572108326,0.029260524343916,27.096681047680757,29.390049968056253,11.924171793111242,5.660815399518742,1.3556778059750672,0,3,4
open_resistor_0146,open_resistor,R1,12.094429437633272,0.9989210600850018,0.0389535543076259,26.73684454166934,29.506330476075963,12.082034401261245,5.989916230588886,1.3136852280352835,0,3,4
open_resistor_0147,open_resistor,R1,11.922535553416864,1.1508833541429755,0.0279414056911965,26.50684330691952,28.64645167376844,11.845138170113623,5.852653875857369,1.1287811266575822,0,3,4
open_resistor_0148,open_resistor,R1,11.961573037125692,1.1396256385323054,0.0293823580013987,28.95888303617213,30.749034148265046,11.935023477315172,5.639039743383257,0.9394888969392242,0,3,4
open_resistor_0149,open_resistor,R1,11.92691956182076,1.1120196705458727,0.0223000393380254,25.40776667150021,28.087758345051625,12.018142662011398,6.17850883975067,1.0606442367229196,0,3,4
open_resistor_0150,open_resistor,R1,11.938050326678486,0.9683254227881722,0.0296856082962522,26.30314273161837,30.1462556264824,11.821413350806589,5.8921110982642615,1.2752768347979355,0,3,4
open_resistor_0151,open_resistor,R1,12.027575177448377,1.873258415995124,0.033498000245679,25.99189080631598,28.80907150582185,11.822375366653354,5.975820075210971,0.9917359857498104,0,3,4
open_resistor_0152,open_resistor,R1,12.137308541334024,1.0626149313511162,0.0288323408420475,26.728884317191195,32.47770270370666,11.96787572338821,6.54976711304376,1.4035379405295667,0,3,4
open_resistor_0153,open_resistor,R1,12.072310009100308,1.29218328682938,0.0339379729821625,24.14465484130878,28.44223321169849,12.084515797118431,5.985330844957768,0.8487025382991062,0,3,4
open_resistor_0154,open_resistor,R1,11.99213933241338,1.6260263790638727,0.0424689171553471,27.875991981267937,30.90289855411617,11.963349297963196,5.488838523951984,0.9688835029676114,0,3,4
open_resistor_0155,open_resistor,R1,12.23443331527623,1.131501729542674,0.0275661602062498,27.40032360745024,32.80827317914601,12.162595891536206,6.66563407003444,1.1602386973999872,0,3,4
open_resistor_0156,open_resistor,R1,12.044343673312063,0.8208393626448022,0.0447693442611827,25.66444089746413,29.43355112752526,11.890269747236715,5.823339951978391,0.9906843922375748,0,3,4
open_resistor_0157,open_resistor,R1,11.908818710898627,1.0652193242127552,0.0245173120507492,29.666667823560616,26.79027441387496,12.022054142701387,6.365387745691668,1.071700908871651,0,3,4
open_resistor_0158,open_resistor,R1,11.89231216638786,1.1423688437049373,0.0417972520836071,28.38821526190672,27.9375714107848,12.048387665118804,5.669312355049073,1.370339877610737,0,3,4
open_resistor_0159,open_resistor,R1,12.061291096155266,1.123047882215279,0.0216141420155276,26.226638155433086,30.06963467269182,12.122898050248908,5.808807675891361,1.314596675887871,0,3,4
open_resistor_0160,open_resistor,R1,11.68694594720969,1.0538455673357,0.0296894106712909,26.180633166036333,27.126987250420807,11.933222044353112,6.087657818497912,1.1531677453984064,0,3,4
open_resistor_0161,open_resistor,R1,11.664265315001254,0.6698249618412334,0.0239313482214282,28.915373172107103,23.50499031454953,11.950026982384838,5.842125643044774,1.547084444552112,0,3,4
open_resistor_0162,open_resistor,R1,11.94224672824307,1.2957472461852322,0.0314125714008746,23.7388670403856,30.536414433263477,12.021539650545629,6.152480591902377,2.1815594266090814,0,3,4
open_resistor_0163,open_resistor,R1,11.687383059075213,1.6311741624402771,0.0271255248059964,28.57465780880602,28.908975509397514,11.957576366660197,5.829050121528373,1.2823771838932525,0,3,4
open_resistor_0164,open_resistor,R1,11.772423945499249,1.387644791880441,0.0258380559511474,25.739861321919285,28.09997428400837,12.125714921686257,5.839399473895133,1.289613404552405,0,3,4
open_resistor_0165,open_resistor,R1,11.89035655864268,1.389480462480905,0.036855077387902,31.697217666592824,28.64887210900157,12.06686548047579,6.0294202618616834,1.5239679454657535,0,3,4
open_resistor_0166,open_resistor,R1,11.89217514185869,1.3862513282193203,0.0280530270388331,27.871623645783004,29.183504968896745,12.025224039642668,5.965131287063413,1.2536782957926316,0,3,4
open_resistor_0167,open_resistor,R1,12.236717708634329,1.4463624214038044,0.0386915459249689,27.088920947952257,27.22151834354335,12.095530055823776,6.262814037758938,1.5681676689377455,0,3,4
open_resistor_0168,open_resistor,R1,11.909402906104615,1.1426128361599133,0.0136051583747456,27.21505778787825,30.99314102115889,11.95335046207718,6.192143938560247,1.1523742235005472,0,3,4
open_resistor_0169,open_resistor,R1,12.048608554233232,0.9130771525460832,0.030852094496339,22.017728058198557,28.62620768367603,11.836952675628488,6.361798354964045,1.3943518381911275,0,3,4
open_resistor_0170,open_resistor,R1,12.070000647294911,1.580251556789845,0.0205108347917516,31.494726395831115,30.86438312852077,11.976344471278106,6.340686044154883,0.9234266218970916,0,3,4
open_resistor_0171,open_resistor,R1,11.87632287577085,1.0478525691900749,0.0247102229193598,25.886884714479493,31.44616613419065,11.974114559963017,6.105751490507064,1.05741215839658,0,3,4
open_resistor_0172,open_resistor,R1,11.726909504917725,1.2675143395978554,0.0108774502458022,27.862731907829065,26.26336992233438,12.19872759992308,6.273408816652417,1.22643844781787,0,3,4
open_resistor_0173,open_resistor,R1,12.1895560016482,0.988421005633566,0.0354347937867009,28.399620867437427,29.52804016266734,12.127235350010675,6.2197476308339406,1.2721809157062558,0,3,4
open_resistor_0174,open_resistor,R1,11.751766884565756,0.959988426180134,0.0287729106640427,28.186744748553306,26.73959255065215,12.241167667557844,6.454918216576072,1.3505295800981207,0,3,4
open_resistor_0175,open_resistor,R1,12.01080552919256,1.146947757524712,0.0204808153997776,28.15496103703773,29.5155050802855,11.875823942451838,6.10025292517347,1.1611852377938128,0,3,4
open_resistor_0176,open_resistor,R1,11.71382886631839,0.9849037473051244,0.0258639446657835,31.77537531468038,30.11310624906752,11.866451843090012,6.145810886825291,0.8131740027654086,0,3,4
open_resistor_0177,open_resistor,R1,12.16240365808306,1.0822188370455303,0.0290636381126082,30.651593295084385,26.4256728628315,11.8602881814887,5.824920202096198,1.459594712754829,0,3,4
open_resistor_0178,open_resistor,R1,11.772098088678474,0.4919611004723577,0.02548841141591,29.10348159982184,31.400523499477657,11.95368386379146,5.8765720178652,1.4884751835639367,0,3,4
open_resistor_0179,open_resistor,R1,11.719538745045687,1.1028698062042477,0.0319042388992505,28.898437442570067,27.98038661361824,12.003444101170585,5.253501793976104,1.035437896916538,0,3,4
open_resistor_0180,open_resistor,R1,12.06802630688317,0.95442649143633,0.0305898422158959,28.8937450016054,28.31490159828447,12.017046377099655,5.711180230414616,1.1483471800759883,0,3,4
open_resistor_0181,open_resistor,R1,12.091532425438384,1.2392432402421083,0.0241346873043606,28.448432808581583,30.42921958127324,11.795005872142251,6.347722219486769,1.115936315329732,0,3,4
open_resistor_0182,open_resistor,R1,12.063823489986037,1.4993117309113069,0.0162832630276953,26.581117995144908,28.42290260824859,11.921624647887556,6.520480972751042,0.9858069765433016,0,3,4
open_resistor_0183,open_resistor,R1,11.91666798307697,1.2510972579007442,0.0179785047392391,27.208638576487477,29.63490652250035,11.96671395956175,5.971983942330016,1.0676669718879073,0,3,4
open_resistor_0184,open_resistor,R1,11.772829453622885,1.2803983028348096,0.0475493307164724,28.03680326156688,29.4505282344951,12.069272275511686,5.61920085103599,1.6256286645324014,0,3,4
open_resistor_0185,open_resistor,R1,12.03034931946342,1.6079642247722772,0.0226696700447601,31.636123845115648,30.550310988069565,12.055304008585235,6.070207336305945,1.1378678454813875,0,3,4
open_resistor_0186,open_resistor,R1,12.180079748771082,1.2350899674620115,0.0103293029641284,25.765627076586,28.628308495614505,12.030999898316557,5.983023453330032,1.5047426974484155,0,3,4
open_resistor_0187,open_resistor,R1,11.707334720394206,1.23589698412629,0.0118202077461284,29.519424590968335,28.811082571116,12.041960997202413,5.740835111823071,1.5198662329144377,0,3,4
open_resistor_0188,open_resistor,R1,12.156258699608829,1.3458860757529718,0.0287048275313655,29.159714570590264,27.5862148640253,12.085555565902071,6.494844268297176,1.4676526399947964,0,3,4
open_resistor_0189,open_resistor,R1,11.89055962952889,1.2903543293182758,0.0170685845624135,29.14478062235135,29.90120682572508,11.813018366046784,5.651464846826291,1.129215275814058,0,3,4
open_resistor_0190,open_resistor,R1,11.954871037928877,0.8976307661452987,0.0338897872935218,28.502947217881022,28.61146173604296,11.924420849984164,6.314612137924969,1.6138517782720738,0,3,4
open_resistor_0191,open_resistor,R1,11.92746577742302,1.0469582707112948,0.0349120766541199,27.283941240506028,28.72120559867353,12.073965315172469,5.4271931737478125,1.5295755812131673,0,3,4
open_resistor_0192,open_resistor,R1,12.0109020786494,1.097126713859455,0.0291076584577855,27.92485871004104,25.53759739311015,12.149493822745324,6.012397689681186,1.3107505326118438,0,3,4
open_resistor_0193,open_resistor,R1,12.142732465586109,0.9447093856099248,0.0347347189903522,27.464717818202413,30.693541550432982,11.78727725796485,5.970271709927619,1.0492948360540095,0,3,4
open_resistor_0194,open_resistor,R1,12.064839442595124,1.3175110468420506,0.0229237410517797,26.57565227164791,28.77866926288534,11.91033577726848,6.252595108635638,1.1076981998881383,0,3,4
open_resistor_0195,open_resistor,R1,11.563951767101754,1.1062944858445485,0.0196145617915602,24.73744836907811,26.52514672355485,12.010940847183296,6.398592248474469,1.278296118466245,0,3,4
open_resistor_0196,open_resistor,R1,11.90902449176764,1.3139760487926757,0.02540909689781,26.610799261673712,26.69127466353403,11.824817119324829,5.883022888032166,1.239513372480033,0,3,4
open_resistor_0197,open_resistor,R1,11.985506449497766,1.0960082680131602,0.0205425393930321,29.216492383369932,26.36573616010683,12.077602791384347,5.699334894321982,1.0118911906617412,0,3,4
open_resistor_0198,open_resistor,R1,11.779982221407648,1.0746494632785908,0.0397531245847797,29.03125617688791,30.95684422405607,12.052214254593393,5.6688990514408895,1.1173026939181103,0,3,4
open_resistor_0199,open_resistor,R1,11.88297013063238,1.53264372600976,0.0180321135357368,29.78739537877822,30.78590774021754,12.182962020171608,5.877094022211151,1.3780805398950404,0,3,4
open_resistor_0200,open_resistor,R1,12.342247775480828,1.0455895807665758,0.0146495975246764,24.239979932184472,30.425424057722665,11.811684979194142,5.888304284118624,1.3093282967597402,0,3,4
shorted_capacitor_0001,shorted_capacitor,C1,12.027776330524487,0.9063612160460432,0.5633373913480513,53.11546325325357,37.14305085778361,11.932300486154148,7.69093622189167,1.0075479529656526,0,4,0
shorted_capacitor_0002,shorted_capacitor,C1,12.13505978825926,0.9128063298296272,0.6210096200133957,43.28783653049448,45.00167233465341,12.152323862171226,8.294248798898298,1.245449727192765,0,4,0
shorted_capacitor_0003,shorted_capacitor,C1,11.751506518848334,0.6688879659343371,0.5058817923590829,50.88591729502937,36.84957778119356,12.075749514933747,8.548214457598686,0.973800725021,0,4,0
shorted_capacitor_0004,shorted_capacitor,C1,12.042562653549226,0.5530316647748128,0.4991889420324781,52.99847562118666,42.338047011716,11.996098048062246,7.832836181693644,0.2935480317221558,0,4,0
shorted_capacitor_0005,shorted_capacitor,C1,11.839372137197334,1.277854771784931,0.473172665739852,48.75791928488432,43.0223319195856,11.87450773319977,8.073884189912434,1.0344788843776638,0,4,0
shorted_capacitor_0006,shorted_capacitor,C1,12.001874898286088,1.5171007639166922,0.4498840444673083,52.23491411953552,39.48159478781061,12.077192015483668,8.176522860679698,0.6167109507225009,0,4,0
shorted_capacitor_0007,shorted_capacitor,C1,12.0343494588689,0.3355246371504282,0.5861948500342836,49.1926338639621,41.915980505929305,12.105811832508715,8.147047936083885,0.8370223549495691,0,4,0
shorted_capacitor_0008,shorted_capacitor,C1,11.867839749500806,0.6219448090877373,0.6212040772106399,53.74534162282392,39.28566869106384,12.004600274725329,7.638154250002493,1.0931892113168613,0,4,0
shorted_capacitor_0009,shorted_capacitor,C1,12.099812523553767,1.2853043591159374,0.4973006153692157,46.487968403927134,40.69433776757672,12.064648953772576,7.913732944980947,0.5817597273865749,0,4,0
shorted_capacitor_0010,shorted_capacitor,C1,12.132211129338536,0.9802838406363954,0.4950235539661765,53.42177120442199,43.51059612758981,12.01342964972478,8.031839144950414,0.9385144427789768,0,4,0
shorted_capacitor_0011,shorted_capacitor,C1,11.870744539461562,0.8075078697910206,0.4208569873234492,51.50582258201175,35.315520332674424,12.1503419828429,7.86795196241342,0.7470832545172058,0,4,0
shorted_capacitor_0012,shorted_capacitor,C1,11.905839914087323,0.727990281519481,0.6351118807088822,38.04876537385968,43.830896158264565,12.033802348110171,7.517191340857114,0.5311719017376906,0,4,0
shorted_capacitor_0013,shorted_capacitor,C1,12.25145895408123,0.5636232800143173,0.4807989693642425,52.54925816945892,41.01565862885774,11.90620744234636,8.086649990161847,0.5435618290899307,0,4,0
shorted_capacitor_0014,shorted_capacitor,C1,12.16512320976339,1.0653427412182834,0.5819203719293167,49.44664424498807,45.28356437460212,11.999968632738822,7.52725034983168,0.9123684782080768,0,4,0
shorted_capacitor_0015,shorted_capacitor,C1,12.312907057430568,0.5463101267035371,0.5283122339983609,49.66578415240581,39.83828545298278,11.901769641962268,8.448743142492189,1.380010180504315,0,4,0
shorted_capacitor_0016,shorted_capacitor,C1,12.029419718853584,0.573982927566,0.4570623684967915,49.03190392488472,43.311632029948775,12.047516774649536,7.999038463632458,0.6526820870526735,0,4,0
shorted_capacitor_0017,shorted_capacitor,C1,11.836175455092286,1.0086878315812209,0.6048262972831352,41.817080853237066,44.76951693454205,12.0574071220894,8.559837858058318,0.4644680628787213,0,4,0
shorted_capacitor_0018,shorted_capacitor,C1,11.795126376687683,0.7627576725581758,0.5801670656137117,55.185443291707855,42.11823674144539,11.975731872318796,7.589452316933643,1.1075001431797875,0,4,0
shorted_capacitor_0019,shorted_capacitor,C1,11.855294186137392,1.2071171386930803,0.5329369210236095,54.3623282904714,42.03679387017783,11.986300451055754,7.792241451269549,0.7147730306634801,0,4,0
shorted_capacitor_0020,shorted_capacitor,C1,12.064247503856286,0.8192891240544292,0.5143713155158778,47.33747435872947,40.23573108915745,11.787126590558518,8.183267245915479,0.5550696938207984,0,4,0
shorted_capacitor_0021,shorted_capacitor,C1,11.827000139519138,0.3781639132223224,0.4423664501279266,42.57820998755084,37.87293712710853,12.195325913752656,7.789648129641918,0.8444375265670079,0,4,0
shorted_capacitor_0022,shorted_capacitor,C1,12.06007220797595,0.8327662965539622,0.5453533923564404,43.21882494560302,44.35278264483763,12.180719664363789,7.326936522350926,0.5439928522784052,0,4,0
shorted_capacitor_0023,shorted_capacitor,C1,11.958028448643448,0.5588655512724522,0.580357933207352,45.08691119037355,46.49516820341981,12.11905485943436,8.085029612252885,1.056746565829933,0,4,0
shorted_capacitor_0024,shorted_capacitor,C1,12.165885063653596,0.6590131279854392,0.5010269653274821,48.31257225187859,42.58490837349383,12.013906039865342,7.369201407123601,0.5992938890122894,0,4,0
shorted_capacitor_0025,shorted_capacitor,C1,11.988904070460844,0.7810835989185425,0.6683525306073885,42.45604823040401,41.51676772550763,12.14891131083283,8.908579898169119,0.6989006442040098,0,4,0
shorted_capacitor_0026,shorted_capacitor,C1,12.07371441790803,0.9424400892996618,0.5617289038931975,47.60461919504277,41.30792616850014,11.746775391478032,8.272827796025053,0.8315444759154919,0,4,0
shorted_capacitor_0027,shorted_capacitor,C1,11.96662876548326,1.3117155489298895,0.5095039588725669,46.38769604373988,45.9746599066142,11.916793869515017,7.779953886825385,0.7632436441422875,0,4,0
shorted_capacitor_0028,shorted_capacitor,C1,12.126110172319432,0.8519506268383283,0.4724424791708643,45.87132574749124,38.17793670036337,11.992277895477695,8.170337463451931,0.9045514389719932,0,4,0
shorted_capacitor_0029,shorted_capacitor,C1,11.73359823689274,1.065985246890214,0.5651541307597975,53.53812819037562,41.33259498187201,12.110132295773576,8.18661812458005,1.136556439050687,0,4,0
shorted_capacitor_0030,shorted_capacitor,C1,12.078337595402669,0.7755211883892741,0.6863460832268129,51.556148489119565,41.72123326301324,11.872369558346168,7.484676953014585,0.8731788705354634,0,4,0
shorted_capacitor_0031,shorted_capacitor,C1,12.021828179665237,0.646469358747921,0.5584589619767236,54.35450771217438,42.0862074236509,11.885899149024729,7.955396469142823,0.5987583797868599,0,4,0
shorted_capacitor_0032,shorted_capacitor,C1,11.941845012538716,0.6965960835925894,0.5213412650437598,42.97945851210642,39.61703595544543,11.94393923631527,6.828220523999093,1.3132430061254157,0,4,0
shorted_capacitor_0033,shorted_capacitor,C1,12.1633154481325,0.705924818768751,0.5511291429844359,43.31338261072976,45.0871686334326,12.18972886947731,8.06267749129861,1.0558826610463363,0,4,0
shorted_capacitor_0034,shorted_capacitor,C1,12.02629301684009,0.4658186402810174,0.5252905978621806,48.52771186708783,38.63635684376967,11.978134672256497,7.963440176996354,0.7797803755336348,0,4,0
shorted_capacitor_0035,shorted_capacitor,C1,12.007838773574624,0.5348487334008498,0.5069790310523239,42.86166293720012,42.9334466490586,11.789435305815967,8.46143613732677,1.1465873493157108,0,4,0
shorted_capacitor_0036,shorted_capacitor,C1,11.954672911952606,0.1492157280431754,0.5283213662819626,47.74326335484472,36.96820534021326,11.948478160619176,8.612078079545341,0.9662317905754352,0,4,0
shorted_capacitor_0037,shorted_capacitor,C1,11.861315382843284,0.400600207601142,0.5303789609434137,47.14617288259825,41.48859756208995,11.946468328743236,8.204599830144744,1.2837885100150572,0,4,0
shorted_capacitor_0038,shorted_capacitor,C1,12.12232515336664,0.7879778731673069,0.5390109717368023,46.573307463280514,43.54192273735644,11.93726865540487,8.018089083599993,0.8127994754702714,0,4,0
shorted_capacitor_0039,shorted_capacitor,C1,11.92473237107827,0.4568836130289748,0.5693784702170601,47.75598411257847,41.50072140830971,11.946639969356085,8.488328519525218,0.5808065546970389,0,4,0
shorted_capacitor_0040,shorted_capacitor,C1,12.256806042602683,0.3630908725429346,0.5760862038734135,49.90172273010649,37.61332879617736,12.0424393937861,8.511807467904063,0.2457952901614839,0,4,0
shorted_capacitor_0041,shorted_capacitor,C1,12.075411721123622,0.1766822949174806,0.4920601117886075,54.51666545960378,38.25465389982384,11.882612003559103,7.920824908406127,1.316976584540888,0,4,0
shorted_capacitor_0042,shorted_capacitor,C1,11.725247662919095,0.537172522090164,0.6398459009907776,55.43080937415093,39.68970632712915,11.876094729747336,8.838337400723663,1.1986105979372992,0,4,0
shorted_capacitor_0043,shorted_capacitor,C1,12.101842048164334,0.5968994127656451,0.5470582395497179,47.35855967582068,40.992553913846734,12.145100143813131,8.351766816454962,0.5306559807538105,0,4,0
shorted_capacitor_0044,shorted_capacitor,C1,12.20647446750293,0.8782830350032889,0.591223947751535,53.86616343711441,36.66525925145935,11.996417442129356,7.7874181794563135,0.4080351436586361,0,4,0
shorted_capacitor_0045,shorted_capacitor,C1,12.052006496640738,1.427889137896106,0.4395953353296549,47.87087755580212,41.92162880522432,12.01230782016562,7.954748778993704,0.475195909138544,0,4,0
shorted_capacitor_0046,shorted_capacitor,C1,12.034918011441023,0.6108090057460185,0.4186046977012868,52.77836888205492,42.87515745952613,12.005166097685107,8.091629875282282,1.0685795031788905,0,4,0
shorted_capacitor_0047,shorted_capacitor,C1,12.033650948516712,1.0260043886903287,0.5321510679475691,53.247934954295786,40.96235717779805,12.019405194360589,7.4919755645151875,0.8717389635754272,0,4,0
shorted_capacitor_0048,shorted_capacitor,C1,11.875206762375832,0.6404293183678765,0.5010774623010328,43.7350602724031,46.37431420905089,12.13313390619884,8.768147000857704,0.494276245111109,0,4,0
shorted_capacitor_0049,shorted_capacitor,C1,12.010688062486636,0.4766230936989761,0.5082583073681762,44.3274920663337,43.71875201932468,11.960377032189824,8.427351733477607,0.9510302223971296,0,4,0
shorted_capacitor_0050,shorted_capacitor,C1,12.345545812815718,0.430138944215069,0.6255539943872079,52.58576348160291,37.0798634859189,12.100713333647317,8.134457985210492,0.7431309350116481,0,4,0
shorted_capacitor_0051,shorted_capacitor,C1,11.8764096769542,0.6202226371377035,0.6729887257471556,48.00273127582993,42.346390004594376,11.920910061833244,7.688058821511344,1.0704962023124855,0,4,0
shorted_capacitor_0052,shorted_capacitor,C1,11.79756356826727,0.6961965580236822,0.5520416446643339,48.44549040736021,39.46272014495153,12.039581978109592,8.277142302327125,0.9836593863648324,0,4,0
shorted_capacitor_0053,shorted_capacitor,C1,11.852129428699826,0.7289612255178007,0.6216857717126163,51.57858875029549,35.881421645556806,12.03514799003522,7.208709900250076,0.8117337255150925,0,4,0
shorted_capacitor_0054,shorted_capacitor,C1,12.284665052511896,0.5630268206827534,0.4999406172705051,51.05611912629144,35.37159545437106,11.936724497011497,8.238576455032701,0.6414285380776492,0,4,0
shorted_capacitor_0055,shorted_capacitor,C1,11.964604501918354,0.9860464275787588,0.5752927650121937,49.06727358518161,38.982633162189885,12.037006111526896,7.950506927960097,0.9144514024814462,0,4,0
shorted_capacitor_0056,shorted_capacitor,C1,11.925460196232304,0.7543577564051147,0.4906025324468792,47.859969559975056,37.56699740911347,11.8885953549838,8.103464459142156,0.8531849439644151,0,4,0
shorted_capacitor_0057,shorted_capacitor,C1,12.117431060242286,0.6922186076062253,0.5744831708102054,50.20319028909465,41.33432142349479,11.917434631719786,8.059745392908475,0.8910350740136654,0,4,0
shorted_capacitor_0058,shorted_capacitor,C1,12.00107677003619,0.2783805854072289,0.5596293774384089,56.850124157588965,38.91988219372905,11.927192290214467,8.149339423884559,0.8780945526166429,0,4,0
shorted_capacitor_0059,shorted_capacitor,C1,12.178910274812464,0.4855329610227781,0.5938828151544996,50.36168824500585,39.57356038917836,12.033868731792168,8.411782992639344,1.0180788450071123,0,4,0
shorted_capacitor_0060,shorted_capacitor,C1,11.82854710318894,1.005039546688871,0.546118683698049,48.29149639206207,40.21959097300508,11.984975701120174,8.476682998842826,0.779070510037697,0,4,0
shorted_capacitor_0061,shorted_capacitor,C1,11.832068080742523,0.7016175360075678,0.5607216830086286,52.91685913718821,41.8092840548465,11.914946472125296,8.994075966671556,0.8661938277444949,0,4,0
shorted_capacitor_0062,shorted_capacitor,C1,12.191308610699853,0.7620713916056927,0.582001554682327,51.357874018073616,43.654584135262766,12.105736830537822,8.34887880002919,0.7212283172014728,0,4,0
shorted_capacitor_0063,shorted_capacitor,C1,11.91423809370659,0.8831518775810494,0.6059876843404642,47.10911719689357,43.19551589714316,12.145261674548616,7.633471632370632,0.59076982405093,0,4,0
shorted_capacitor_0064,shorted_capacitor,C1,11.9789437411642,0.8769031670472991,0.518525979173977,53.408810715468576,41.27220058455536,12.003944704824072,7.425636190452589,0.4710460458931232,0,4,0
shorted_capacitor_0065,shorted_capacitor,C1,12.04215138754227,0.266851093461291,0.6107582445786444,47.36738462251072,49.7292789087842,12.230791625061611,7.927420372300993,0.7734157493671713,0,4,0
shorted_capacitor_0066,shorted_capacitor,C1,12.149337227100304,1.2257931524795094,0.451718256553839,40.854498138581256,38.13389558333686,12.058273758317386,8.19874943620304,1.0674428637459623,0,4,0
shorted_capacitor_0067,shorted_capacitor,C1,11.820045370745204,0.2209640342577808,0.6014808517181288,44.68721490813906,33.94453640683409,12.014506374595936,8.317270275287472,0.7694857169696807,0,4,0
shorted_capacitor_0068,shorted_capacitor,C1,11.931322742072629,0.7601594419635234,0.5277650342559531,42.60781155223933,37.85595796902871,12.05212799050138,8.1286714165506,0.8420149514917051,0,4,0
shorted_capacitor_0069,shorted_capacitor,C1,11.850727727721994,0.7546242094660832,0.4193760972134288,48.71390665554156,44.286573123440704,11.85258678679579,7.765628930672898,0.8822766946775324,0,4,0
shorted_capacitor_0070,shorted_capacitor,C1,12.187926395164125,0.6879438459249627,0.5084649802440463,40.12430743033567,40.31031438792432,12.204207604014377,8.11094338478587,0.7944302552040717,0,4,0
shorted_capacitor_0071,shorted_capacitor,C1,12.048312346615049,0.7972269990128495,0.5012191376643923,51.29311966271082,40.677284569335264,12.001761325193366,7.6098535890887,1.12587698298369,0,4,0
shorted_capacitor_0072,shorted_capacitor,C1,12.099705411799969,0.6617697906581745,0.6101094912209163,46.00971664645917,37.65398952246689,11.924029688251972,7.291572578764764,0.9178855951045516,0,4,0
shorted_capacitor_0073,shorted_capacitor,C1,11.725328268249248,0.4928890421835594,0.4254647194552881,47.65572122883643,39.54903861918439,11.967330378681364,7.582968922131769,0.50694156164084,0,4,0
shorted_capacitor_0074,shorted_capacitor,C1,12.069655479531988,0.6623620170728781,0.5689814992921687,44.45900525550311,40.54318822831325,12.130327803731609,8.234466320157113,0.69689654544588,0,4,0
shorted_capacitor_0075,shorted_capacitor,C1,12.03857984555339,0.7398337063674468,0.5504728110816838,46.69755579140599,39.50699438234383,12.021209335307418,7.60265652016722,0.5460302932525054,0,4,0
shorted_capacitor_0076,shorted_capacitor,C1,11.79171861692532,0.3999322238740725,0.4769630384667713,48.63785002721652,37.321637453524346,12.05136144642311,8.013885499501026,0.3078739466404866,0,4,0
shorted_capacitor_0077,shorted_capacitor,C1,12.098246337633254,1.0026996613979275,0.4903682395099088,49.68076617157997,37.430505287772405,12.009767037674834,7.494200637218014,0.3517233868663558,0,4,0
shorted_capacitor_0078,shorted_capacitor,C1,11.942577421558054,0.769067763431291,0.5261392183831238,43.26387776710976,38.80030281360659,12.026929475258074,7.982042787950985,0.8456252576498033,0,4,0
shorted_capacitor_0079,shorted_capacitor,C1,11.899482719931864,1.09292947867904,0.4794295998067132,49.95024118834687,43.54567327887988,12.048090809274887,7.918990309174068,0.6679257383342553,0,4,0
shorted_capacitor_0080,shorted_capacitor,C1,12.155413147656938,0.4442562686845818,0.4917925443772214,46.40976893803312,43.71296127253599,12.037976763604089,7.612781696595902,0.7224230736537741,0,4,0
shorted_capacitor_0081,shorted_capacitor,C1,11.907851528385557,0.6225527519416163,0.6087333735134068,42.51302748294598,44.82634256720312,12.082822969018462,8.43634466824148,0.6842651219936855,0,4,0
shorted_capacitor_0082,shorted_capacitor,C1,11.977508892138134,0.441712046368822,0.5185202555759919,49.974619390572606,43.88818918534419,11.889284318319756,7.853797625205893,0.7621751949418695,0,4,0
shorted_capacitor_0083,shorted_capacitor,C1,11.790631619671128,0.9478373104396,0.5065605800954435,47.21843859529191,38.64415188426437,11.921066149428032,7.997182005807778,0.7460976053579944,0,4,0
shorted_capacitor_0084,shorted_capacitor,C1,11.9442213176582,0.6178845945799143,0.5691714802469774,54.61446907396914,40.41966169851738,12.099611821491113,7.443911229938615,0.8394403598234425,0,4,0
shorted_capacitor_0085,shorted_capacitor,C1,11.83539475215434,0.4307687681170247,0.5056377155524578,52.76759733765429,42.85004748600894,12.02430047220544,7.386919776044028,0.7509298371530159,0,4,0
shorted_capacitor_0086,shorted_capacitor,C1,12.04525500133526,0.8438840573946496,0.4393723849911553,44.43872860792051,39.80776670755385,12.05362909095172,7.121548871560021,0.7594690061300354,0,4,0
shorted_capacitor_0087,shorted_capacitor,C1,12.021457315481843,1.0124029971290534,0.5915714550542462,50.33028527523522,37.6001784798942,11.80919978628767,7.84277889717544,1.05040795630214,0,4,0
shorted_capacitor_0088,shorted_capacitor,C1,12.209018179128664,0.9776372755744464,0.5757604493681041,49.518558593543865,38.33164375971766,11.986993970644638,8.667627810330533,0.564360498552031,0,4,0
shorted_capacitor_0089,shorted_capacitor,C1,12.242216818606478,0.7194929613769855,0.6295259265457047,42.372739962009845,41.75771260349395,11.926322986405236,7.433893123230325,0.8546335106027365,0,4,0
shorted_capacitor_0090,shorted_capacitor,C1,12.151420768289396,0.588764640351626,0.4600590423724959,47.63262094266018,39.73769401366846,12.05483196275545,8.379837828545796,0.7851462046818766,0,4,0
shorted_capacitor_0091,shorted_capacitor,C1,12.27832549721914,0.856058686133823,0.5292144096395861,41.55373056358869,39.2120214390515,11.966361305458886,8.384121918512587,0.9156209060167136,0,4,0
shorted_capacitor_0092,shorted_capacitor,C1,11.823094631755108,0.8430635966027594,0.5902918703037432,54.11212543755133,42.66251190224218,12.076084665431148,8.024034397846066,0.8970780013558625,0,4,0
shorted_capacitor_0093,shorted_capacitor,C1,12.187425735105924,0.4668056506300876,0.5290336403669826,44.90972500497504,41.137459356178375,12.12302221756508,7.76121028531157,0.2024239081326405,0,4,0
shorted_capacitor_0094,shorted_capacitor,C1,11.938166888246329,1.0283684330043517,0.5822577941769929,49.7127449912423,39.16002009437656,11.87209692637802,8.206117728649787,0.5914295474913438,0,4,0
shorted_capacitor_0095,shorted_capacitor,C1,12.327614510007068,0.942626802088629,0.515161101846763,45.55445901044549,39.72116738015924,11.976049807797825,8.446733510211981,0.8466040424360116,0,4,0
shorted_capacitor_0096,shorted_capacitor,C1,11.890255239163722,1.2726101712889455,0.5529584998912134,51.07535870387559,38.17532047766572,12.036311562774452,8.124443996457279,0.3275876769759618,0,4,0
shorted_capacitor_0097,shorted_capacitor,C1,12.302291266569096,1.122661115230637,0.5261682810312408,43.590921038176575,41.042684841410654,12.00866976994144,8.142267579425292,0.8478943490485225,0,4,0
shorted_capacitor_0098,shorted_capacitor,C1,12.07593614839589,1.1618264248479515,0.5840861923077189,43.80137800436024,44.08768855813736,12.16406145634883,9.260822693804831,0.5191264916901006,0,4,0
shorted_capacitor_0099,shorted_capacitor,C1,12.03643230197254,0.2794753242027532,0.5831889493827526,45.80719880733291,45.77033738447486,11.922538502998142,7.324326784813095,0.6821840648243701,0,4,0
shorted_capacitor_0100,shorted_capacitor,C1,11.703676834317427,0.9877748636268276,0.4260950172246208,48.11383032473263,33.76656454043141,11.967970219546336,8.657351262321814,0.8901619728589488,0,4,0
shorted_capacitor_0101,shorted_capacitor,C1,11.87047595925526,0.792199127765229,0.5510810123226668,49.89052138337362,35.89942491015752,12.059256727384732,6.91824334735889,0.6425288619090475,0,4,0
shorted_capacitor_0102,shorted_capacitor,C1,11.926758923632269,0.9583317065178096,0.5513578511606122,42.37774778457485,37.04502062254896,12.01986800095474,7.968373063254178,0.6552189725910634,0,4,0
shorted_capacitor_0103,shorted_capacitor,C1,11.927874931573204,0.9740419992898224,0.5189384456278472,47.64763502388371,46.50980976424163,11.857631736311609,7.259262907370136,0.9958974161996516,0,4,0
shorted_capacitor_0104,shorted_capacitor,C1,11.898203540805884,0.720440618064345,0.5031306173121332,46.96079943692995,44.79561433628902,12.080212845861812,8.344889404754792,0.4459432360518386,0,4,0
shorted_capacitor_0105,shorted_capacitor,C1,11.82732693951707,0.0902303351286433,0.5014371507350348,51.82681274554263,41.55083954724511,11.977848673704788,7.991079886512779,0.6277786143561487,0,4,0
shorted_capacitor_0106,shorted_capacitor,C1,12.030713832360268,0.9914695698701538,0.4530467927553717,49.19859075134939,42.797304612864,11.958489971103663,8.280280244848234,1.5036636111181385,0,4,0
shorted_capacitor_0107,shorted_capacitor,C1,11.984348581051966,0.8983267625013309,0.5057165749803165,48.7250046504082,41.380814874946914,12.019484234027011,7.592121872116457,0.8515904428313628,0,4,0
shorted_capacitor_0108,shorted_capacitor,C1,12.219329390807646,0.9121589411286318,0.6077192313443105,47.05195211994949,42.24970071827113,12.027926783821652,7.619635708125108,0.8796302511997187,0,4,0
shorted_capacitor_0109,shorted_capacitor,C1,11.851245500483952,0.6417799312788021,0.5613596984375425,49.1889770935205,36.432302604768616,12.105398577118288,8.22880251132019,0.6238178910972791,0,4,0
shorted_capacitor_0110,shorted_capacitor,C1,11.769362280532624,0.7637738552296423,0.5232433771683305,48.45256182821209,38.9106500165333,11.799254313925498,7.844661224679537,0.7235952222329218,0,4,0
shorted_capacitor_0111,shorted_capacitor,C1,12.09504915371611,0.6254500813472377,0.650720480402354,40.35343779739297,43.93350249340787,11.977568102912189,8.343833948937423,0.8199503710146833,0,4,0
shorted_capacitor_0112,shorted_capacitor,C1,12.17093333040382,0.7031595088617972,0.4840827744893313,53.68201714908425,39.659558062353575,12.022155847362422,8.493900765617918,0.5420111894763913,0,4,0
shorted_capacitor_0113,shorted_capacitor,C1,12.089323634645888,0.6525263108842774,0.5420698386613377,48.28911586153716,35.49933441565919,11.922116295717956,8.540429156965256,1.021547797146199,0,4,0
shorted_capacitor_0114,shorted_capacitor,C1,11.990604063400914,0.8607808646282233,0.5323454496618126,53.42633354331193,39.39894226661751,12.023184209213484,8.458412057656826,0.6056571287885234,0,4,0
shorted_capacitor_0115,shorted_capacitor,C1,12.233818377674536,0.4173846475641558,0.6477785278667679,46.5092976641921,39.27190375652415,11.810998982881706,7.818082113048923,0.540048367243279,0,4,0
shorted_capacitor_0116,shorted_capacitor,C1,11.90885304819398,0.7656722585527801,0.6074674968683744,48.830413405602506,40.923029960203344,11.890448061115444,7.647698364158908,1.249681254587828,0,4,0
shorted_capacitor_0117,shorted_capacitor,C1,11.889719844785512,1.214052063014324,0.535416328067148,48.00915174457402,43.21109548068979,12.127189242193866,7.955674975888365,0.7029392366196153,0,4,0
shorted_capacitor_0118,shorted_capacitor,C1,11.991611932721668,0.8844893820580296,0.6034782212121854,48.01691943597661,41.85665889406946,12.163835973227094,8.152523844905915,0.8779132140011946,0,4,0
shorted_capacitor_0119,shorted_capacitor,C1,11.77216337623649,0.1423174657927342,0.5733025437538102,47.62070307487651,38.455651975255776,12.024353020418635,7.975838508321237,1.0819450626584746,0,4,0
shorted_capacitor_0120,shorted_capacitor,C1,12.012916630238848,0.6132691787324581,0.6094099743375574,47.13147570021519,41.57961005101692,11.95225892938072,7.740069245801026,0.8210420575464241,0,4,0
shorted_capacitor_0121,shorted_capacitor,C1,12.001924296531552,0.9199567588417084,0.5338812548014155,40.65456086491841,38.70167834923483,12.079381846714382,7.881049568302758,0.738404149371363,0,4,0
shorted_capacitor_0122,shorted_capacitor,C1,12.147956475885891,0.6220066931852694,0.457431806905426,47.35747552189802,38.54747814625379,11.903375368024674,7.929848617640523,0.922876411811696,0,4,0
shorted_capacitor_0123,shorted_capacitor,C1,11.998606715764828,0.8767452681715595,0.6588044619109255,46.62848455376975,40.83504590393401,11.949078663740089,7.661456112045211,0.6537730866455576,0,4,0
shorted_capacitor_0124,shorted_capacitor,C1,11.928186214271747,0.8898689493867814,0.6909445472020455,45.13582625489664,38.750124083153615,11.993687698688875,8.158319539483898,0.8658877029886963,0,4,0
shorted_capacitor_0125,shorted_capacitor,C1,12.192614369092215,0.193401982366198,0.4067842077882597,46.0164873119594,43.29190056263113,11.84343519683944,6.796947064122497,0.9427948515548022,0,4,0
shorted_capacitor_0126,shorted_capacitor,C1,12.036548583555406,0.5274478983001426,0.4908676239567442,44.1210251214613,40.33160595242182,11.9373684723817,8.197625567590208,0.0863433342739022,0,4,0
shorted_capacitor_0127,shorted_capacitor,C1,11.87147222023083,0.5184865097722375,0.5346195592976505,45.847808966039445,42.3935313396873,11.814066322833996,8.0181965905323,0.9395841058029264,0,4,0
shorted_capacitor_0128,shorted_capacitor,C1,12.278497115484294,0.6795585072266312,0.5694675162611511,40.78454882975054,32.82413138706093,12.08447743757817,7.997775882540772,1.094628172449606,0,4,0
shorted_capacitor_0129,shorted_capacitor,C1,11.793989566654538,0.9299755348821882,0.6621290704326313,49.67882243342906,40.82974451677315,12.000855608082436,7.371647417149635,1.138893233927587,0,4,0
shorted_capacitor_0130,shorted_capacitor,C1,11.90837135402924,0.9261208140957544,0.4562179416057248,43.28216134196888,44.30526219766671,11.965269771104216,8.581310190417017,0.7804423352353705,0,4,0
shorted_capacitor_0131,shorted_capacitor,C1,11.72371533405632,1.02301689993293,0.5146064609346636,50.79475525406817,40.075632602620246,11.845688177205712,8.065717906148228,1.3490557855381995,0,4,0
shorted_capacitor_0132,shorted_capacitor,C1,12.07394796877717,0.7856205617486343,0.6145206041174139,48.84267386081245,40.628602690788384,11.89083748278409,8.09353921031584,1.0588608541042364,0,4,0
shorted_capacitor_0133,shorted_capacitor,C1,11.874590677184996,1.1561239553117368,0.5444976385512925,44.44892195384584,42.992896230760735,11.971320576426171,8.303805954994443,0.7270603419353657,0,4,0
shorted_capacitor_0134,shorted_capacitor,C1,11.991026078470515,0.923390051083573,0.5674538234554004,40.017872878193046,36.63626877971682,12.09294099847908,7.947145364439381,0.6690671743071446,0,4,0
shorted_capacitor_0135,shorted_capacitor,C1,11.79621389771138,0.530065919681038,0.4286920816022832,47.59487712519387,38.20468725825686,11.903341210901468,7.972750629932818,0.8909926577131846,0,4,0
shorted_capacitor_0136,shorted_capacitor,C1,12.313979689831491,0.4220291451091966,0.6195628625980314,51.89240624406029,37.6627217818699,12.020323595458605,7.816946700264954,0.8464221451046847,0,4,0
shorted_capacitor_0137,shorted_capacitor,C1,12.226369652010682,0.9514015581578285,0.5805165023940065,46.27876272018143,35.54783000522699,11.97915317894596,8.482643261945565,0.4182080358525881,0,4,0
shorted_capacitor_0138,shorted_capacitor,C1,11.841736594773495,0.8315669340585171,0.4909207129091643,44.82990621153915,38.72920425481547,11.863438259580985,7.610351261513452,0.9758569791968272,0,4,0
shorted_capacitor_0139,shorted_capacitor,C1,11.803894532665357,0.4005319663762906,0.5121985012279664,50.927822010039385,39.40923457600933,11.953541892188438,8.017743519006244,0.363573141785087,0,4,0
shorted_capacitor_0140,shorted_capacitor,C1,12.074205848066256,0.8958587578509111,0.5254414915542568,52.02369804718567,36.617511703140885,12.112790899325358,8.061797466238101,0.7158618525304568,0,4,0
shorted_capacitor_0141,shorted_capacitor,C1,11.997018954694754,0.7731838085472647,0.623216973785063,43.693283490115945,37.71244228256021,12.103630289207247,7.761786025926456,1.025133269332898,0,4,0
shorted_capacitor_0142,shorted_capacitor,C1,12.254915397451306,0.6995512432645916,0.5908817395945184,43.38523087464057,42.26419989420343,12.019942398598676,8.189215312864086,0.6386069819911513,0,4,0
shorted_capacitor_0143,shorted_capacitor,C1,11.750837487664924,0.9258130161873762,0.4261958108512327,46.73059803102986,42.82354559925991,12.019189773587303,8.779337057915924,1.0562772881454434,0,4,0
shorted_capacitor_0144,shorted_capacitor,C1,11.901915241751164,0.8068283449628597,0.5471577578473339,41.671292946615495,37.17880325054694,11.943923909302017,7.185511798857625,0.8118733670629108,0,4,0
shorted_capacitor_0145,shorted_capacitor,C1,11.962639223302045,0.3817765246721065,0.5742527719166399,50.86349097876384,40.68110343659467,11.967593182479105,8.236576860700742,0.9700550901191728,0,4,0
shorted_capacitor_0146,shorted_capacitor,C1,12.046110535457954,0.5938469373913098,0.5665960459306709,52.78192260330192,38.21011282416481,12.209793933913245,7.7897476264058465,0.8081017533350341,0,4,0
shorted_capacitor_0147,shorted_capacitor,C1,11.899127160599049,0.8558177089800653,0.4454666984418835,45.81583280473311,36.7236363989543,12.013533834789229,8.397778950203563,0.961501546778638,0,4,0
shorted_capacitor_0148,shorted_capacitor,C1,11.644251095871166,1.31051741323197,0.5677167964372521,44.894003438028,40.47138375697282,12.01761898225027,7.733260513219374,0.8494791668355189,0,4,0
shorted_capacitor_0149,shorted_capacitor,C1,11.908879156856957,0.6989095018274943,0.508823251854695,42.26931484104139,40.43750941064615,12.058529943651632,8.20595343843055,1.0049813131588086,0,4,0
shorted_capacitor_0150,shorted_capacitor,C1,12.04865103150223,0.6668186254457742,0.6003798318658714,42.56992984063226,37.29798585246256,11.903579992857676,8.432022423655724,1.035697128535019,0,4,0
shorted_capacitor_0151,shorted_capacitor,C1,12.073095785556747,1.0679824663029494,0.4972430330552808,49.394380479443925,39.62447671485051,12.084688210388492,7.953910306979121,0.7037642778974798,0,4,0
shorted_capacitor_0152,shorted_capacitor,C1,12.081136277784148,1.0190422917978084,0.509899288309192,47.7556973145905,36.82467809907504,11.750193898250703,8.080183852565492,0.952226339063658,0,4,0
shorted_capacitor_0153,shorted_capacitor,C1,12.03931002136301,0.3126095705614082,0.5289490341954116,39.12660895979568,44.10910332296256,11.891394541788191,8.502161443783958,1.0364674109210363,0,4,0
shorted_capacitor_0154,shorted_capacitor,C1,11.86491144711959,0.5168037621830638,0.5710222129831803,44.62270385126772,40.30745392647462,11.951717240919308,7.287536634213747,0.2423829952188853,0,4,0
shorted_capacitor_0155,shorted_capacitor,C1,12.03400263727419,0.6596105634173437,0.5168146109851521,50.78345535637514,43.520326829897336,11.97274552786382,7.863760517236056,0.925035758278471,0,4,0
shorted_capacitor_0156,shorted_capacitor,C1,11.796459664545065,0.8557882636869243,0.5831131583093293,50.72092083367052,34.189741892492606,11.923864473019108,7.648694698870614,0.8249717386023033,0,4,0
shorted_capacitor_0157,shorted_capacitor,C1,12.072111686965195,1.1741776018614951,0.5203020711779156,46.00971000676314,43.44901605663624,12.02965769385303,8.507060604475189,0.8721820007524591,0,4,0
shorted_capacitor_0158,shorted_capacitor,C1,11.82643250719301,0.4667179113055484,0.4569092650564643,50.648207339033895,43.565790469261024,12.184936214138638,8.337242132929296,1.0907096443837463,0,4,0
shorted_capacitor_0159,shorted_capacitor,C1,11.912997550101949,0.5108960458140359,0.6010047599450532,49.6707230089576,40.32233312302268,12.0387371480633,8.129274192983281,1.1209542149633904,0,4,0
shorted_capacitor_0160,shorted_capacitor,C1,12.194247837722545,0.9360550880850868,0.6007481723537758,50.0562502096991,38.61649080389614,12.075656467491314,7.442201972456296,1.0634728880739708,0,4,0
shorted_capacitor_0161,shorted_capacitor,C1,11.820821559035094,0.8714508216986833,0.4992907624944305,50.21355593229771,39.89822432221627,11.840524404183666,8.168279852407391,0.6555198057918223,0,4,0
shorted_capacitor_0162,shorted_capacitor,C1,12.132172008122003,0.8003314221836019,0.5737252591232823,44.16972417993915,38.23200330571792,11.954136136389891,8.342680992097023,1.2193442719513723,0,4,0
shorted_capacitor_0163,shorted_capacitor,C1,11.879224237238567,1.0692120361644202,0.4198193549364579,43.22324239563084,37.12366463143968,11.864749131055929,7.366564644084968,0.9032497280344496,0,4,0
shorted_capacitor_0164,shorted_capacitor,C1,11.96788984534082,0.8948513494012775,0.5914283611672908,49.062467972690136,41.97328952845112,11.993046771375774,7.5252026446777025,1.064453545205199,0,4,0
shorted_capacitor_0165,shorted_capacitor,C1,11.91163318008283,0.5661009253093936,0.5393249274517361,44.34875632281395,38.7477088540317,12.034405392156346,8.13933669569845,0.5755424833935927,0,4,0
shorted_capacitor_0166,shorted_capacitor,C1,11.926844194057688,1.068583251192561,0.5797840070640365,56.30026015739416,43.54038452122458,12.114429306855994,7.444852579817679,0.9909650879083556,0,4,0
shorted_capacitor_0167,shorted_capacitor,C1,11.992033979745464,0.6622545491154377,0.5600809204319518,51.78084613844594,41.50249477301264,11.912152619865791,8.296983565437047,0.640603114481009,0,4,0
shorted_capacitor_0168,shorted_capacitor,C1,12.032502467844642,0.7241624831307165,0.5368680248958625,51.06497190016204,36.879418840552304,12.194519507427692,7.271565572282201,0.6505830791862858,0,4,0
shorted_capacitor_0169,shorted_capacitor,C1,12.05553178349126,0.9460785416088277,0.5439714567656977,47.77043718799383,41.23165025598285,11.976893052254232,8.557272503173962,1.0098372785579006,0,4,0
shorted_capacitor_0170,shorted_capacitor,C1,12.130923652650845,0.5584608191573958,0.5452366945356578,46.79813620511719,36.9831958729316,12.036016418394576,7.784941696888073,0.9638509574625592,0,4,0
shorted_capacitor_0171,shorted_capacitor,C1,11.83947126556585,1.2297601532104552,0.4962200404844763,48.87720934880174,42.3755779311642,11.942935956979989,8.34098745737318,0.492704100549896,0,4,0
shorted_capacitor_0172,shorted_capacitor,C1,12.217817654877384,0.8035373162414396,0.5142153155218673,46.80327291029026,42.42675780817816,11.941554470814957,7.700256924230889,0.7446158506040655,0,4,0
shorted_capacitor_0173,shorted_capacitor,C1,11.823455683084504,1.255135976985454,0.5160163245271167,51.32646714472161,40.62841025094332,11.901546594951803,7.997618116314908,0.996000694827687,0,4,0
shorted_capacitor_0174,shorted_capacitor,C1,11.971760799737051,1.098278236462757,0.6112909235669118,51.67565941863332,38.62102968318101,11.892015755221852,7.754564957854882,0.8490602351666802,0,4,0
shorted_capacitor_0175,shorted_capacitor,C1,12.081868007029854,0.2571071488098881,0.549513207903295,48.63235690129274,39.16736723105335,12.129127383901588,8.168712029700348,1.1275479770202244,0,4,0
shorted_capacitor_0176,shorted_capacitor,C1,11.967605921947465,1.0343693731267312,0.6481039836716512,53.24677379709065,36.7235752197138,11.974632392245764,7.8619341178200814,0.922313633769082,0,4,0
shorted_capacitor_0177,shorted_capacitor,C1,12.10295303325218,0.590276831493566,0.5540703108350163,39.920290671375454,44.32583501740567,11.948762575932331,8.022345575937798,0.7225875715029847,0,4,0
shorted_capacitor_0178,shorted_capacitor,C1,12.171904136252012,0.0906233896506553,0.5490033794604455,47.57672497000921,38.63909083722495,12.172622654563565,7.645068216457691,0.9929490443089152,0,4,0
shorted_capacitor_0179,shorted_capacitor,C1,12.053437918305912,1.115379813133879,0.5099686549133498,45.06812440350497,43.28820972243219,12.042532130833012,7.382025061329297,0.6651737463841825,0,4,0
shorted_capacitor_0180,shorted_capacitor,C1,12.057957398077209,1.0094410553866473,0.5092461608084228,36.34297604073224,41.5696695572111,11.877967931005603,7.193064480751035,0.0919185187539648,0,4,0
shorted_capacitor_0181,shorted_capacitor,C1,12.122097129029662,0.8321543626012416,0.5364606171572649,53.556097451851045,41.911974049069215,12.161630004272192,7.442905811133201,0.7913623440115092,0,4,0
shorted_capacitor_0182,shorted_capacitor,C1,11.757492993757795,0.7426544170361332,0.5350830487739994,50.506454549052286,40.13669164342569,12.062340713827991,8.281376053255558,1.3387321693457856,0,4,0
shorted_capacitor_0183,shorted_capacitor,C1,11.95270550170708,0.5647443248334053,0.5647650169189846,44.79087989144183,44.44588230530961,11.971678196105476,7.773769452850404,0.6821710697122205,0,4,0
shorted_capacitor_0184,shorted_capacitor,C1,12.107762613520746,0.7605632541921288,0.5114999907921771,54.66140767049412,37.43149047801475,12.0035566074033,8.260922460644093,0.3921662223957317,0,4,0
shorted_capacitor_0185,shorted_capacitor,C1,12.072039075210888,0.5362230811298877,0.5993669668500402,44.14939595232409,42.078307095546585,12.110583306629472,8.344574610253122,0.8628291620595256,0,4,0
shorted_capacitor_0186,shorted_capacitor,C1,11.965304858560543,0.6558951059162891,0.6382620814490263,45.20201911932943,36.88880177929001,12.066536893503285,7.681545278725402,0.5624841256334683,0,4,0
shorted_capacitor_0187,shorted_capacitor,C1,11.783459360674536,0.6792725401348706,0.5450370985662104,48.9723669106428,42.85391873289845,12.05268979236658,7.923651112178728,0.7504510809050701,0,4,0
shorted_capacitor_0188,shorted_capacitor,C1,12.076523620337278,1.1181425407321424,0.557578851968992,46.12347658315837,37.02140199674336,11.855479473558775,8.26650786881741,0.9444946309098894,0,4,0
shorted_capacitor_0189,shorted_capacitor,C1,12.086604528766,0.767835138411986,0.6344160847535051,46.06352602166073,42.86580771162161,11.996125710501046,7.756659694128265,0.9481325768294404,0,4,0
shorted_capacitor_0190,shorted_capacitor,C1,12.0614454178026,0.8892431898167316,0.554876705323372,47.84842767313268,47.16511597861132,12.118425664519616,8.289130757994204,0.8279497895508471,0,4,0
shorted_capacitor_0191,shorted_capacitor,C1,12.1510735800895,0.929498694097863,0.5515722851664422,46.78574269893634,39.75724798701194,11.682957426412194,8.084240335719057,0.6778809799724101,0,4,0
shorted_capacitor_0192,shorted_capacitor,C1,12.238900499742432,0.8048360177029387,0.4786621948279023,47.80047938348753,36.861636744812486,12.047340741571247,8.116378945735795,1.039459907777067,0,4,0
shorted_capacitor_0193,shorted_capacitor,C1,11.881367731245817,0.8085020240570368,0.4680986922744019,50.805979127698855,41.55661354132037,12.049580502102756,8.000647612542776,0.9036932226971978,0,4,0
shorted_capacitor_0194,shorted_capacitor,C1,12.24065086624629,0.7287264357394966,0.5583187110226051,43.65549480327436,37.395217115205,12.00978132930933,8.441573418680763,0.7359297939371069,0,4,0
shorted_capacitor_0195,shorted_capacitor,C1,11.96461252060318,0.6982786888739063,0.5179145997493406,49.17988582283529,35.508227064464066,12.128093957666673,7.733831080748216,0.9804758713595354,0,4,0
shorted_capacitor_0196,shorted_capacitor,C1,11.80950021039092,0.9672100326365546,0.5903166764688699,49.53680828802359,37.01671443460062,12.024954818959808,7.526777526106244,0.7368091862259537,0,4,0
shorted_capacitor_0197,shorted_capacitor,C1,12.154411965143298,0.9991754817676856,0.550910976552426,44.10077369630864,41.93676313652258,12.001938123769802,7.071873760707831,0.9956574565791296,0,4,0
shorted_capacitor_0198,shorted_capacitor,C1,11.996365074919549,1.100612811995768,0.4842837688694317,35.293184747216,40.83725157503556,12.029156367668197,7.323731348957419,0.5553751135333485,0,4,0
shorted_capacitor_0199,shorted_capacitor,C1,12.413282661557986,0.7235973464615492,0.5938575385825731,45.39736069052647,33.729091303440526,11.98297417532041,7.893758175885558,0.7000304403329072,0,4,0
shorted_capacitor_0200,shorted_capacitor,C1,11.98280387467404,0.8660670679114092,0.5409929829247716,42.94397532821054,41.45855437468582,11.805062824467758,7.17985701708632,0.984795123675392,0,4,0
faulty_diode_0001,faulty_diode,D1,12.076053040820304,3.6827813904777895,0.0720910299048985,32.87626717797777,32.474506504626994,11.840410603142589,4.27829140259303,3.895699101453004,1,1,1
faulty_diode_0002,faulty_diode,D1,12.214095804643382,3.574169574202435,0.1151297670863219,29.2578197882376,34.31890248222722,11.919605158527252,4.592203685012391,3.625674274528088,1,1,1
faulty_diode_0003,faulty_diode,D1,12.198062101467576,3.4376693054980247,0.1125521259512366,34.1614776101104,32.683389043980675,11.98161461068408,4.246298068651766,3.695770310227999,1,1,1
faulty_diode_0004,faulty_diode,D1,11.990602766681729,3.772372074522019,0.1016901029138572,37.39398364883671,34.847017232094736,11.89493766781722,4.760631750177232,3.344099071867044,1,1,1
faulty_diode_0005,faulty_diode,D1,12.08817838322066,3.885921635410861,0.0617736621667499,35.27893773958823,32.06300777327937,11.924123474206462,4.905255699209702,3.5038962578087745,1,1,1
faulty_diode_0006,faulty_diode,D1,11.879043460632293,3.722708482001528,0.1137117949259683,34.57505424196962,35.332741091338505,12.05309756619641,3.846536604080571,3.541159910947897,1,1,1
faulty_diode_0007,faulty_diode,D1,11.915723685097245,3.843808286028827,0.0475036588725177,42.64702912615317,34.06205218978842,12.01488768039177,4.854470314925744,4.403096215843788,1,1,1
faulty_diode_0008,faulty_diode,D1,12.13061199668826,3.984643928941486,0.1026138004892876,34.57542273989915,32.0484091119902,11.917388800828546,4.293895770090151,3.294833210697105,1,1,1
faulty_diode_0009,faulty_diode,D1,11.988619282397249,3.194599726832084,0.1038183304828742,34.891008175872976,33.293870596773374,11.947786842998,5.423058111054151,4.108034770054094,1,1,1
faulty_diode_0010,faulty_diode,D1,11.813318624987293,3.7698604262280697,0.0878398771412535,31.95656081987776,30.31985585775213,12.043221669075926,4.295585929479127,3.9903478072075615,1,1,1
faulty_diode_0011,faulty_diode,D1,12.149067332179566,4.112174315563435,0.0829522646785179,36.42609683207603,34.2649084332846,11.952582182489603,4.268468412782138,4.182856199732792,1,1,1
faulty_diode_0012,faulty_diode,D1,12.034124381359808,3.8907903252135214,0.0835584797634414,31.34214660043342,31.86110045101578,11.987597861261,4.180733997954795,3.697046557404885,1,1,1
faulty_diode_0013,faulty_diode,D1,11.746724221789725,3.3639857732590386,0.1134182249655375,36.811371560833685,32.21624646922627,11.898223569092304,4.191778934542197,3.588019526217606,1,1,1
faulty_diode_0014,faulty_diode,D1,12.096677773746794,3.9784737074032974,0.0900693652903606,31.53952272204565,33.53568727573267,11.917646502937416,4.344524208341639,4.097582827131111,1,1,1
faulty_diode_0015,faulty_diode,D1,12.124067314284863,3.747392293675436,0.0745616199777455,35.63418970241197,35.125314581575054,11.962436633423447,4.905334226996015,4.087823586855462,1,1,1
faulty_diode_0016,faulty_diode,D1,12.24955992482152,3.791572937959406,0.1117478339961202,39.24256186499327,33.894787874137954,11.94987658922098,4.365437149041641,3.771566486132122,1,1,1
faulty_diode_0017,faulty_diode,D1,11.806415786708069,3.6570223253907423,0.121930942364605,28.42623844650416,36.06896420358903,12.112237421870317,4.3620706152508575,3.863017248361543,1,1,1
faulty_diode_0018,faulty_diode,D1,12.000472159035947,4.068997110531605,0.1196536628553988,30.79978783045097,34.174524826928355,11.979437214635675,4.52484977115543,3.4815484297090555,1,1,1
faulty_diode_0019,faulty_diode,D1,12.262220560368124,4.012018545970773,0.0852045767205406,30.996168179269304,32.228654738044305,12.043450264609133,4.572061753183867,4.075939847430473,1,1,1
faulty_diode_0020,faulty_diode,D1,12.118487958327128,3.990870707725872,0.1065371080122087,30.83210380936703,32.608602937706195,12.106008973990866,4.484543121442607,3.850927110587124,1,1,1
faulty_diode_0021,faulty_diode,D1,11.95218775271308,3.3910564454374468,0.0975331187190778,35.92714232909796,31.688624561077116,11.976428875514332,4.218161027404205,4.035773475269229,1,1,1
faulty_diode_0022,faulty_diode,D1,11.955831636361795,4.135826663537856,0.1305749570108181,34.75686210583477,30.9831025349053,11.791410212226666,4.058388878091963,3.2878495525304023,1,1,1
faulty_diode_0023,faulty_diode,D1,12.206770444119226,3.734747376168084,0.1077920904818397,28.33873697319462,30.60406714156548,12.08870797764463,4.586032233714776,3.655838416394321,1,1,1
faulty_diode_0024,faulty_diode,D1,12.084726353790018,4.190739341840745,0.0955791507292589,35.208109407974206,33.38519383746261,12.2392109635274,3.870193120674292,3.9049669044366415,1,1,1
faulty_diode_0025,faulty_diode,D1,11.98277966268614,3.8700315178552542,0.0868525489201055,34.85310490742465,34.422821158930994,12.311291020104385,4.742410856820621,3.445580320590848,1,1,1
faulty_diode_0026,faulty_diode,D1,11.936436047696594,3.563975767484844,0.0640871365473997,34.00972942489569,34.46565816364349,11.87257678809232,4.814544795315178,3.8463324463253015,1,1,1
faulty_diode_0027,faulty_diode,D1,11.889865001704344,3.657541108798646,0.1319664361528206,37.2006434405176,33.0175673097963,11.9762316683039,4.522982721135498,3.546470932617309,1,1,1
faulty_diode_0028,faulty_diode,D1,11.684287574142148,4.312653373160419,0.103106499983988,36.19444179536761,32.884184500246185,11.92648831992754,4.444222655715369,3.220181571341707,1,1,1
faulty_diode_0029,faulty_diode,D1,12.341562974707996,3.329646400473281,0.0793606743230564,33.6792223868408,35.57615144970475,12.001450899926263,4.129159261190861,4.076301508227202,1,1,1
faulty_diode_0030,faulty_diode,D1,12.10965009401782,3.861530487164936,0.1143146848234168,42.18308570174735,37.370189790072224,11.93132846569967,4.987165497843345,3.8149504569276704,1,1,1
faulty_diode_0031,faulty_diode,D1,12.074864372420665,3.1923187505070016,0.096592284692236,32.5615292289903,34.65611762978662,12.10710805004028,3.8776540946951066,3.693389540798719,1,1,1
faulty_diode_0032,faulty_diode,D1,12.168279225719138,3.643996311305967,0.1145812729000473,36.05349640288125,33.683320463905254,11.97286850219317,4.135025758759287,3.363540955772492,1,1,1
faulty_diode_0033,faulty_diode,D1,12.106402877168298,3.705837476655665,0.0972297551078555,33.72832987303294,32.389622309038494,12.104691179448814,4.399426775439592,3.297680586009529,1,1,1
faulty_diode_0034,faulty_diode,D1,12.111547766331023,3.638537000840585,0.1006279173106555,39.82273491919853,32.95887888529899,12.028918367311872,4.146322952610502,3.634099164294712,1,1,1
faulty_diode_0035,faulty_diode,D1,12.09142890678129,3.233387879847628,0.1040169018623142,35.30237321793442,33.08257491117488,12.103715889865825,4.600331554454557,4.143421569506933,1,1,1
faulty_diode_0036,faulty_diode,D1,11.850961572660896,3.740777370165505,0.1016893357277989,31.79223651873476,34.91259000418269,12.232467330585282,4.494898177654851,3.8515063264821294,1,1,1
faulty_diode_0037,faulty_diode,D1,12.0126777713723,3.485924599027848,0.0635847944439596,32.8826795507139,30.216083238096537,12.170410207805912,4.465467091823029,3.5962242012858487,1,1,1
faulty_diode_0038,faulty_diode,D1,12.133373073718172,3.363474669143234,0.0846627192399089,35.204216807745865,35.05753798284696,12.05016850451688,4.574497542754765,3.723435320570805,1,1,1
faulty_diode_0039,faulty_diode,D1,12.060035378329015,3.760495871538776,0.0794005545044612,35.13823766489946,30.85262268216449,12.008108254290082,4.355805617553528,4.461814486834859,1,1,1
faulty_diode_0040,faulty_diode,D1,11.994015842437245,3.2787281301215234,0.0973163957864615,36.558076236913664,36.34672789230505,11.941054760006129,4.025271607792908,3.9450511034292943,1,1,1
faulty_diode_0041,faulty_diode,D1,11.792910194115052,3.5691533675477545,0.0948475902897801,34.791099640099674,34.37832891414867,11.931636571771362,4.417881224349972,3.695718894115184,1,1,1
faulty_diode_0042,faulty_diode,D1,12.02243969362782,3.729348152412377,0.1087201155044516,37.53151852892521,33.785268231301934,12.045358552350924,4.025333049976057,3.715068309749704,1,1,1
faulty_diode_0043,faulty_diode,D1,12.07192613220024,3.918682358371136,0.0861529845153241,33.02288217533407,31.851798649432805,12.053641389989137,4.810164316477263,3.57776196781252,1,1,1
faulty_diode_0044,faulty_diode,D1,12.136194347044055,3.7370439427493785,0.0975142844567512,34.365847310546094,34.49322272920431,12.032557781678706,5.182747628294291,3.444332607100803,1,1,1
faulty_diode_0045,faulty_diode,D1,12.077715255304495,3.5412396970565463,0.0826142602602271,34.96739858889509,33.27470495881407,12.291817355506009,4.444756255295039,3.360946381154595,1,1,1
faulty_diode_0046,faulty_diode,D1,12.04095160762416,3.07760798873609,0.0981608643479146,35.04807584688548,34.589200765890425,12.097362224942785,4.348929114327685,3.65481579561102,1,1,1
faulty_diode_0047,faulty_diode,D1,11.8850818754084,3.361581233557692,0.1061978955876127,31.1792433542102,32.17074619885627,11.900482604010076,4.664904955887078,4.240429029779946,1,1,1
faulty_diode_0048,faulty_diode,D1,11.8047618025795,3.144094455130729,0.0975022622929986,35.047093387873275,33.4373186135146,11.955367948476566,4.43980821035237,3.810253123162181,1,1,1
faulty_diode_0049,faulty_diode,D1,12.156064633896726,3.113485368904515,0.0926212112193707,35.64142638182319,31.16404779077853,12.17311696317673,4.309377035931379,3.6876121938978152,1,1,1
faulty_diode_0050,faulty_diode,D1,12.083403314526343,3.522614563359432,0.0630685390439116,33.7140364192504,35.05888111185408,11.966310487321486,4.246069709562306,3.9777016628508166,1,1,1
faulty_diode_0051,faulty_diode,D1,11.95038376559654,3.546951755904935,0.1029891217932661,37.31225062885636,37.763427063465095,12.082723610765742,4.847951989916504,3.5482101403036435,1,1,1
faulty_diode_0052,faulty_diode,D1,11.846119784104578,3.718699404885737,0.1021433983051919,31.76446177590621,32.64941094019198,12.039931760171912,4.608118018505424,3.8512863560152817,1,1,1
faulty_diode_0053,faulty_diode,D1,12.043644709520615,3.5478974022189838,0.0897219874670231,31.40314580601837,36.56955007837019,12.00134503646193,4.432544083261544,3.4213623755642626,1,1,1
faulty_diode_0054,faulty_diode,D1,12.440348685349166,3.3780015903331315,0.0914230414878785,36.24751050885818,34.20042593148855,12.095793205521568,5.042282552330779,3.851847296638214,1,1,1
faulty_diode_0055,faulty_diode,D1,11.841595380005,3.6229164624634658,0.1061566474502777,41.20467812451747,30.204389043151405,12.120257650522523,4.553974310863925,3.951349160568845,1,1,1
faulty_diode_0056,faulty_diode,D1,11.98470079250461,3.4472702109621025,0.1150174555880266,36.96329308131686,34.94411393147944,11.998669536462137,4.320053393004045,3.232363901492848,1,1,1
faulty_diode_0057,faulty_diode,D1,12.12290599022091,3.827166844733196,0.0806843473427208,33.384278980110125,32.06648237609712,11.85170155680176,4.25469528101846,3.359850892958094,1,1,1
faulty_diode_0058,faulty_diode,D1,11.93812814821681,3.478390750501132,0.067459901582665,41.067770691708446,35.50508146205846,11.922098057848002,4.581726418996083,3.8252395269463886,1,1,1
faulty_diode_0059,faulty_diode,D1,12.178662878216022,3.4544184920019765,0.1218421356796485,33.356284087379194,30.32827519166277,12.07241365593145,4.887227527236728,4.476372692059206,1,1,1
faulty_diode_0060,faulty_diode,D1,11.820041210236468,3.909675905524237,0.0918039751241293,37.350076131572095,30.0590208975375,11.873723022430145,4.267237553050055,3.7236892137004256,1,1,1
faulty_diode_0061,faulty_diode,D1,11.903837810019247,3.8977163031740254,0.1205378923651583,36.79873262373607,36.23757527932174,12.041582662945537,4.13493098689795,4.109012954061502,1,1,1
faulty_diode_0062,faulty_diode,D1,11.9092265646591,3.9731255499056712,0.1314746843311021,36.3700640321912,30.0076823736707,11.90817878334902,4.8968233400655405,3.649263194307155,1,1,1
faulty_diode_0063,faulty_diode,D1,12.011936030241325,3.927647324849083,0.1139264572416064,35.83639943715638,32.58266325755907,11.968733155426763,4.757369647587403,3.866070859320338,1,1,1
faulty_diode_0064,faulty_diode,D1,11.961404999907332,4.024633693897942,0.0974193176974043,32.44501347699682,31.48205860219331,11.902125916369023,4.418276995018894,4.070117283500858,1,1,1
faulty_diode_0065,faulty_diode,D1,11.879235722845424,3.756542728305431,0.0868662130874517,34.219072876185685,29.979917576029496,11.977946177084348,4.441888386058511,3.8620863832107086,1,1,1
faulty_diode_0066,faulty_diode,D1,12.033492136988306,3.3404823625143867,0.1216839648808708,35.63090912066598,33.39678703435497,11.999081764661486,4.344672765833334,3.765340701924618,1,1,1
faulty_diode_0067,faulty_diode,D1,12.071338265389288,3.1759312925963337,0.089224783253078,34.23515908878923,33.51234121138856,12.119331100592712,4.268477755620966,3.5506114459546474,1,1,1
faulty_diode_0068,faulty_diode,D1,11.923119883403018,3.4595417229686376,0.0930562700977547,37.31240665996391,30.892329009271307,12.04278143951529,3.9894293309944993,3.5315986010673384,1,1,1
faulty_diode_0069,faulty_diode,D1,11.950576604967305,4.20245790187422,0.0945039539049462,28.39626957964725,29.0022221862775,12.003402958634668,4.684131256736973,3.812636757288176,1,1,1
faulty_diode_0070,faulty_diode,D1,12.025135515870147,4.0486778792517,0.0892081755852573,37.68473166808048,29.735970229947164,11.909505216706194,3.9578875815204553,3.617546409799063,1,1,1
faulty_diode_0071,faulty_diode,D1,11.993060817410049,3.734230447667956,0.1012376670577427,32.217340007564815,32.61951831117357,11.850255333139426,4.908968692539675,3.6089121781306,1,1,1
faulty_diode_0072,faulty_diode,D1,11.926667082143446,4.176682098533225,0.0751550693290154,31.623238657904093,30.80755935026287,11.993212861830052,4.629489488891279,3.9219026404353503,1,1,1
faulty_diode_0073,faulty_diode,D1,12.385799297624246,3.025170263739771,0.1121747117824883,33.328608282283305,31.82716970222245,11.938022787174612,4.227369098757608,4.205357450381036,1,1,1
faulty_diode_0074,faulty_diode,D1,12.126344599052086,3.7069587935672126,0.12702031504974,30.462413104103373,30.338589737338147,11.782203226780531,4.290175637963014,3.748509558011426,1,1,1
faulty_diode_0075,faulty_diode,D1,12.01542878668985,3.744802573317964,0.0717788633786783,37.40946422784207,33.479255036477994,12.0733054281466,3.932171346722984,3.793447257639337,1,1,1
faulty_diode_0076,faulty_diode,D1,11.82183521401237,3.580803024234592,0.1106872979727276,35.27328081876774,31.296920040441364,12.00062731561844,4.040539405426907,4.045080218769489,1,1,1
faulty_diode_0077,faulty_diode,D1,11.969207397075564,4.035564983276598,0.0894693662580791,33.429272034780254,31.471626426724303,12.087617393169308,4.287170652801457,3.893378629724553,1,1,1
faulty_diode_0078,faulty_diode,D1,11.942632140349607,3.1072110100325143,0.0885937186442706,31.46267535691145,33.06780544736468,11.880959226432552,4.777792530214385,3.672677241894092,1,1,1
faulty_diode_0079,faulty_diode,D1,11.973360600786188,3.896767641336275,0.1192781386815172,34.939703744691045,31.45759940090142,11.822603038388786,4.294185072889446,3.514836326005612,1,1,1
faulty_diode_0080,faulty_diode,D1,12.016058617948843,3.596455935658592,0.1137586594410285,33.16105018618793,32.88591766629412,12.11839874431969,4.60254756418649,3.681988737493431,1,1,1
faulty_diode_0081,faulty_diode,D1,11.909708333709723,3.5100305809855072,0.082987734940961,33.3769794026513,34.51133167748863,11.977811172870773,4.095068079185631,4.230450787917935,1,1,1
faulty_diode_0082,faulty_diode,D1,12.047994778671775,3.277916979846049,0.0911630214551835,35.332659148485256,36.40918418659476,11.889188754174112,4.792812215806784,4.119845928091703,1,1,1
faulty_diode_0083,faulty_diode,D1,11.905701854238815,3.61674591434193,0.0792738150525246,34.38961657675909,32.92682005131414,12.065964999808235,4.827055041306134,3.475571180613506,1,1,1
faulty_diode_0084,faulty_diode,D1,11.704901240366102,3.693626566217128,0.1058707505993728,35.748253063055124,32.34665350498191,12.012475209966391,4.954633442505674,3.814520250688753,1,1,1
faulty_diode_0085,faulty_diode,D1,11.943994736249538,3.5499406548712016,0.0966029528464453,39.91021988549192,32.633398580947606,11.998020565547929,4.355305928719109,4.02969500723259,1,1,1
faulty_diode_0086,faulty_diode,D1,12.2939755882117,3.835183914829417,0.1016554580757085,35.11034849952271,28.231386422428507,12.074515086428482,4.540249924798753,3.8285026151982176,1,1,1
faulty_diode_0087,faulty_diode,D1,11.893280670887444,3.5846629363068727,0.0917795012699365,38.06486895221912,32.24248032679381,12.20826603221098,4.629258725704511,3.3172952020012807,1,1,1
faulty_diode_0088,faulty_diode,D1,11.980718056012206,3.504497463353076,0.0561123506035995,39.79841282034137,34.40628508444001,12.053320731789931,4.549621098089911,3.285394729392269,1,1,1
faulty_diode_0089,faulty_diode,D1,11.927457429066685,3.952534232435204,0.0789755994043499,27.40469205124756,32.54578798443815,11.985824244597246,4.540669024924413,3.918555593054361,1,1,1
faulty_diode_0090,faulty_diode,D1,12.095640871834682,3.7776309415731766,0.1239106277617342,30.443090657560056,34.00916362895478,12.062653836333697,4.128131314175928,3.2491388173952838,1,1,1
faulty_diode_0091,faulty_diode,D1,11.88810868102866,3.5015375672454128,0.1150683892700486,33.15638364892671,31.287302963437597,11.938836626330543,4.835589700246263,3.7039130123130857,1,1,1
faulty_diode_0092,faulty_diode,D1,11.973112346196464,3.666998350389685,0.1258412066865304,32.75248482019028,35.63101658188021,12.02104962989215,4.451874185407395,4.450270149380285,1,1,1
faulty_diode_0093,faulty_diode,D1,11.84165407653021,3.5938942721298983,0.07535137521672,37.85738591160851,36.37837786730336,12.166992278140464,4.867184625943802,3.6407138596612105,1,1,1
faulty_diode_0094,faulty_diode,D1,11.945213853376522,3.1986490682517807,0.1407174707036358,36.4069342344454,32.016086190261035,12.132805688898696,4.208170644972,3.8219866102668014,1,1,1
faulty_diode_0095,faulty_diode,D1,11.974105629856377,3.89160314196409,0.0987285292162775,30.647216326666328,33.15115274534008,12.104886414187536,4.491235078243805,3.932534536476726,1,1,1
faulty_diode_0096,faulty_diode,D1,11.843170577148893,3.692121762019045,0.0875097908982284,37.24094252031413,33.06298312452399,12.06900736763366,4.82631312784736,3.907485572536417,1,1,1
faulty_diode_0097,faulty_diode,D1,12.040967765144046,3.4005363224465786,0.0999442777866619,33.4007287939525,32.31187208659155,11.962546584924976,4.206022327565327,3.1127984232598034,1,1,1
faulty_diode_0098,faulty_diode,D1,11.899778542750836,3.758013835577248,0.0730364590914502,35.04704670941487,36.80053684862193,12.102305655525225,4.993062452736159,3.817338363079818,1,1,1
faulty_diode_0099,faulty_diode,D1,12.175126473447968,3.482810580859664,0.0871131946595603,26.78257938158758,35.3722909480846,12.154032397981988,4.334046826395819,3.62381448808083,1,1,1
faulty_diode_0100,faulty_diode,D1,11.886920682946355,3.814796065443248,0.1224986509060648,29.77168407835688,33.8188770612845,11.972332822828086,4.534018317590006,3.8376982005022873,1,1,1
faulty_diode_0101,faulty_diode,D1,11.971769634184076,3.668923943978266,0.0957224966489072,37.91094860536485,33.83751992025499,12.022058353773737,4.118714483672315,3.586426077036054,1,1,1
faulty_diode_0102,faulty_diode,D1,12.134800374050876,3.711308971937177,0.1131906293917827,40.2995354009829,35.07721213841764,12.009315833769977,4.346703248941282,2.9339351211832305,1,1,1
faulty_diode_0103,faulty_diode,D1,11.974742261629071,3.602196251254945,0.1078073238879075,34.538284319075935,32.35922988112641,11.822060106949278,4.21800965125498,3.842995312240167,1,1,1
faulty_diode_0104,faulty_diode,D1,12.257386144669905,3.670742384876313,0.1065562214714824,37.857434470858415,31.3782121275995,12.036681404328544,4.277852968100352,3.9594473315473033,1,1,1
faulty_diode_0105,faulty_diode,D1,12.02271045719276,3.789535544194432,0.0843480280516282,37.12109707883236,37.16942584246203,11.89920883045718,4.398072297705743,3.769482242250428,1,1,1
faulty_diode_0106,faulty_diode,D1,12.117960931799372,3.5321361144131598,0.0433393941971452,39.07756848249208,34.521012239168286,11.825705246951332,4.3177293624661335,4.170454728858198,1,1,1
faulty_diode_0107,faulty_diode,D1,12.21716946276868,3.9815920068036834,0.0964777513208027,35.24896225643753,32.73814838974775,12.112823978326883,4.237247278051467,3.4582601035347387,1,1,1
faulty_diode_0108,faulty_diode,D1,12.151541188025403,3.686691563346532,0.1275693471090761,32.98546337905836,32.89044327932235,11.907758701515604,4.50220880442707,3.2564359189003604,1,1,1
faulty_diode_0109,faulty_diode,D1,11.926854986856757,3.269123840521565,0.1138784646638251,37.14976801927895,29.53947453903131,12.133388574550056,5.249224537925956,3.7138019160209024,1,1,1
faulty_diode_0110,faulty_diode,D1,11.903832860966304,4.547299177300914,0.0736206300339498,35.0603194006073,33.35924454526385,12.134514762045242,4.607921692538037,3.550409831263465,1,1,1
faulty_diode_0111,faulty_diode,D1,11.857322344441808,3.59745345392616,0.0798614527810971,35.14347595935405,31.871607640279027,11.850596220671026,4.876543736512471,3.550698242971289,1,1,1
faulty_diode_0112,faulty_diode,D1,11.809779479253702,3.6495222596537378,0.1013674313193531,29.7605998232629,33.66329533425152,11.895284243130972,5.013308642757236,3.857188153623021,1,1,1
faulty_diode_0113,faulty_diode,D1,11.940015001483603,3.4764496689047952,0.0979006458487275,36.83837222474987,32.9490117428296,11.978284119286316,4.517511087245369,3.518842320628914,1,1,1
faulty_diode_0114,faulty_diode,D1,11.948519110973544,3.074262268328499,0.1194745246170473,35.89639334096528,31.45308831193314,12.189873498135524,4.526104944117716,3.389156928407441,1,1,1
faulty_diode_0115,faulty_diode,D1,12.128510613220568,3.819414464952779,0.1078915997096844,33.722733186045225,33.900991447556066,11.97382417097789,4.666782435493753,3.1285166637968085,1,1,1
faulty_diode_0116,faulty_diode,D1,11.93491898055312,4.216646529342459,0.084658650891994,33.18848510752044,32.10407732310005,11.878519386411137,3.837515767131524,3.630824080442917,1,1,1
faulty_diode_0117,faulty_diode,D1,12.020378913612248,3.6842484794384047,0.0971024287610422,35.129122612551164,35.045682943101525,11.980955381407078,4.327775226873819,3.6156623545335744,1,1,1
faulty_diode_0118,faulty_diode,D1,12.086902013963517,4.123608063562975,0.0874371252166164,35.29680136108665,33.67671488387192,11.900742199327118,4.506125150163875,3.260297842797372,1,1,1
faulty_diode_0119,faulty_diode,D1,11.73464245443909,3.810023922367677,0.0923225051733843,35.60684122286366,32.9642100459833,11.90235999513362,4.486423709410699,3.330069608495544,1,1,1
faulty_diode_0120,faulty_diode,D1,12.20864585370021,3.293208896542011,0.0960842945806283,31.87318523585825,34.14084234672159,11.96685686287185,4.344399984113637,3.9559604635154666,1,1,1
faulty_diode_0121,faulty_diode,D1,12.004414588751631,3.8549933337807913,0.0803734812696507,30.78554916821748,33.21441592408027,11.968115364450528,4.687930401736184,3.676027464201235,1,1,1
faulty_diode_0122,faulty_diode,D1,12.030761300885194,3.212985241017627,0.1377687387922851,34.5072740449039,34.3951739406784,11.916390832978037,4.592402970665202,3.3091465709425765,1,1,1
faulty_diode_0123,faulty_diode,D1,12.06781017573895,3.5932077746842506,0.1005838100787113,37.09392209039029,30.53491937755944,11.93155082693872,4.63719728432603,4.329466442364025,1,1,1
faulty_diode_0124,faulty_diode,D1,11.979287649800778,3.87734083537718,0.0978605706028304,40.8267367842689,29.505556666069488,12.009462104466936,4.012336789931382,2.9480285288389854,1,1,1
faulty_diode_0125,faulty_diode,D1,12.044619307967672,3.7418493388442378,0.0943032612451559,34.68141772988074,39.19659886814252,11.974182486196856,4.653037308375023,3.505190554115836,1,1,1
faulty_diode_0126,faulty_diode,D1,12.04428488625609,3.628529897483315,0.0917896303454054,40.45669559660097,35.35436992636868,12.013674664739924,3.80873641921681,3.591697233024229,1,1,1
faulty_diode_0127,faulty_diode,D1,12.405454134660763,3.630801500008088,0.1220643514410731,39.325827205857806,33.43792783171195,11.915817836813185,3.7694063004651337,3.905248962582687,1,1,1
faulty_diode_0128,faulty_diode,D1,11.877786599576469,3.752845135566308,0.0750035932082127,34.20428737858939,33.067438109802104,12.02685935810443,4.165553343794276,4.059073284628406,1,1,1
faulty_diode_0129,faulty_diode,D1,11.910465782290204,3.197659161864027,0.0978195316007307,35.10312592707938,33.32117886634352,12.136213240368509,4.429065348979242,3.6641141126893686,1,1,1
faulty_diode_0130,faulty_diode,D1,11.834522342815037,3.946166050866369,0.103686181281562,33.739916818117514,29.190650613069074,12.14444121950551,4.131696010663183,3.5226165971890886,1,1,1
faulty_diode_0131,faulty_diode,D1,12.0537516766614,3.3410326214149944,0.0701298044349371,28.628157251898006,34.44199390581127,11.945481375527368,5.378181027741999,3.401693480310738,1,1,1
faulty_diode_0132,faulty_diode,D1,11.86178234648566,3.53038210891438,0.1048626931027697,33.58938998364407,34.22466442800503,11.902141161001136,4.085522484460926,3.160535578177268,1,1,1
faulty_diode_0133,faulty_diode,D1,11.66646387480942,3.544579294157483,0.0939803937521355,33.10568891755045,35.48681159437432,12.122803020960813,4.3995591037666495,3.1618236660424115,1,1,1
faulty_diode_0134,faulty_diode,D1,11.914994233791742,3.520053581824882,0.0868573007544388,32.90684328830527,31.693074208550385,11.961345838410224,4.309337670355333,3.762496752587678,1,1,1
faulty_diode_0135,faulty_diode,D1,12.05405530738573,3.4268064738452533,0.1254213065201406,32.05981309447816,29.76439877236933,12.038077807136505,4.2547775596756985,3.7963874412272167,1,1,1
faulty_diode_0136,faulty_diode,D1,11.63944970983492,4.11773678244492,0.113445868160808,30.498570352510995,30.04244575230743,12.167226590409753,4.278786028950613,3.449744545380213,1,1,1
faulty_diode_0137,faulty_diode,D1,11.660092185877607,3.5947665383195337,0.0954456077032849,37.146479290308456,30.20184314363105,11.84797132077594,4.635288790432943,4.00201902136812,1,1,1
faulty_diode_0138,faulty_diode,D1,11.764327147332317,4.024454225889922,0.1007508368297364,38.27541601722394,32.85955927696477,11.747772208251204,4.454409785305188,4.018043145601381,1,1,1
faulty_diode_0139,faulty_diode,D1,11.865938097137445,3.5836105093277646,0.0964773299289804,26.301458360394555,36.34269515087495,11.909862432010282,4.65172062974184,3.6739896591555374,1,1,1
faulty_diode_0140,faulty_diode,D1,12.188642858453903,3.821816836728424,0.0953015145695805,32.31945472244216,34.59570140276428,11.81265586960454,4.693767126082768,3.370286574533538,1,1,1
faulty_diode_0141,faulty_diode,D1,12.187842549293496,3.748389862798809,0.1128824753570021,35.24596644147416,29.495245809718007,11.913927083660466,4.701716801283415,3.7499967452079535,1,1,1
faulty_diode_0142,faulty_diode,D1,12.17714848579585,3.820982368911152,0.0806659621859468,32.6118075868381,33.20583478104648,11.76859559339999,5.002032565686895,3.8325240209132674,1,1,1
faulty_diode_0143,faulty_diode,D1,12.18405518955733,3.2258188177572493,0.1248913032071051,41.69449673308325,30.358243289245365,12.077140179490376,4.500332983406188,3.236669845525527,1,1,1
faulty_diode_0144,faulty_diode,D1,12.07393259577778,3.9500809614512047,0.087977468946623,38.49774956076567,29.666473186421605,11.850524385355037,4.540979218676625,3.7076155833916817,1,1,1
faulty_diode_0145,faulty_diode,D1,11.892513976736383,3.942878330791566,0.110617886284319,37.57441721280205,32.75372712929546,12.060258026797834,4.366304909091002,4.3161456070259785,1,1,1
faulty_diode_0146,faulty_diode,D1,11.878118134481705,4.331589228837494,0.1006977589417881,30.87346733129377,35.7361587009772,12.012590138839496,4.755337229514072,4.067156775562778,1,1,1
faulty_diode_0147,faulty_diode,D1,12.050693333121751,3.522327746556156,0.119514267553385,35.00226652236379,34.37171563721684,11.784626942620854,4.634094515102955,3.508424252456491,1,1,1
faulty_diode_0148,faulty_diode,D1,12.24799644557678,3.8869262043667288,0.1047971549169859,36.45892998005066,31.00311829424656,12.162325669052803,5.097411125525071,3.817874053164465,1,1,1
faulty_diode_0149,faulty_diode,D1,12.238560535286046,3.52925554039824,0.0840577286755003,35.12277424618677,33.8698820767358,11.960601331875688,4.661330457110545,3.791916844622024,1,1,1
faulty_diode_0150,faulty_diode,D1,11.850253983706342,3.855637905235517,0.1172705648504304,35.51440795277117,35.30529620652339,11.878259620650304,4.640385126639556,3.348915788080968,1,1,1
faulty_diode_0151,faulty_diode,D1,11.832887796265036,3.5107207498786632,0.0811587963285151,33.356012543776586,32.57169937857762,12.08371544863314,4.403652288388289,3.2243122879691226,1,1,1
faulty_diode_0152,faulty_diode,D1,12.171010176974274,3.448872959915488,0.0988255914579074,36.33960952082214,33.39922083680557,12.109417954752148,4.643700943017827,3.441607126090868,1,1,1
faulty_diode_0153,faulty_diode,D1,12.32678432609875,3.7583000390014702,0.0970531954675698,37.89177626916671,33.49890189186014,12.039922819293931,5.247655199580206,3.617463571523486,1,1,1
faulty_diode_0154,faulty_diode,D1,11.95233586589739,3.7349735536037394,0.1214303187116207,30.4803979094288,29.06888821704699,11.941288472937986,4.009823112282214,3.5725505957423085,1,1,1
faulty_diode_0155,faulty_diode,D1,12.075374954419392,3.432775340934321,0.0714634684643731,35.208011485146045,34.72508696923034,11.830502656148338,4.746069719491795,3.945191861121498,1,1,1
faulty_diode_0156,faulty_diode,D1,12.143112765323494,4.065544064461506,0.1440402784931923,33.93172385414283,33.21914316015572,11.958356156675196,4.500593053426743,4.159862006690894,1,1,1
faulty_diode_0157,faulty_diode,D1,11.7982478274104,3.4416850983503275,0.1275436187300912,38.06010952070627,32.273736706365845,12.085440200112073,4.60236475274761,4.150082382700297,1,1,1
faulty_diode_0158,faulty_diode,D1,12.011176439074015,4.007689634161775,0.1528402382098524,36.7942974651424,33.09865633158969,12.072244698522098,4.390415742538835,4.41639031165742,1,1,1
faulty_diode_0159,faulty_diode,D1,12.027010655654395,3.618120003932346,0.0832862198995992,38.29166057481932,34.73437482565548,11.95026456285859,4.672935403536727,3.247433209536143,1,1,1
faulty_diode_0160,faulty_diode,D1,12.027745586260972,3.835826905623009,0.1341465961911844,32.687543591813935,30.443294742395352,11.910457203907496,4.099029449905524,4.100997207327695,1,1,1
faulty_diode_0161,faulty_diode,D1,12.232295894253603,3.7960649733846488,0.1244258989137029,35.4018751417407,32.80977670459847,11.966696238094624,4.4068827025867305,3.235659533107291,1,1,1
faulty_diode_0162,faulty_diode,D1,12.0396382145411,3.687899826935787,0.1149072144815575,35.28057048931583,32.674592596861814,11.912880696999236,4.521645971046528,3.9214711692448487,1,1,1
faulty_diode_0163,faulty_diode,D1,11.828499151337422,3.726242126104222,0.1046608590305896,32.845805649145206,31.824287390184,12.023061084876622,4.159973694512213,3.804977114574818,1,1,1
faulty_diode_0164,faulty_diode,D1,11.86569684395112,4.018856107909965,0.146756554907766,32.41772959489454,34.06841572474935,11.927325809511798,4.812286252139337,3.320422477274436,1,1,1
faulty_diode_0165,faulty_diode,D1,12.072088013764157,3.4381033099331946,0.0958603082180326,31.90692417455808,34.644700941791505,11.91630196455604,4.6655892777995485,3.5967705915213,1,1,1
faulty_diode_0166,faulty_diode,D1,11.98282914423017,3.744326772220039,0.084763506566823,35.63110134062266,36.06066912870882,11.922190521416727,4.851543042982153,4.149429290046335,1,1,1
faulty_diode_0167,faulty_diode,D1,11.877576751645794,3.263483618472834,0.1060392180034353,33.35777743169938,36.737206438326005,12.003480754049985,4.259340177589446,3.3558521466964866,1,1,1
faulty_diode_0168,faulty_diode,D1,12.163485743863625,3.5286448077747443,0.1008765759892085,37.86740823533744,32.03148329613834,11.995407117125984,4.495029477053244,3.904997353454828,1,1,1
faulty_diode_0169,faulty_diode,D1,12.088611650326548,3.633965880623552,0.1012729812299303,33.884662965429534,30.04477518616111,12.025760085739812,5.067657528249921,3.4348842577926813,1,1,1
faulty_diode_0170,faulty_diode,D1,11.884045543559594,3.438781668506878,0.1144918355744624,36.34545636258932,32.68292461516709,11.908198093836104,4.527713037491977,3.230613361799259,1,1,1
faulty_diode_0171,faulty_diode,D1,12.021513985028625,3.961457315826381,0.0749760172673264,30.402445169511008,36.15887578338972,11.938824036049542,4.840784353783147,3.6538007004406503,1,1,1
faulty_diode_0172,faulty_diode,D1,11.9757067774588,3.831523809848994,0.0823200228650711,35.39749143048694,32.23702117035182,11.867950655659495,4.601244622417919,3.621007657936625,1,1,1
faulty_diode_0173,faulty_diode,D1,11.976446275733291,3.336951716975753,0.131828007355256,37.63014255915835,34.92831176834396,11.969455529755832,3.981245133148974,4.285875214746853,1,1,1
faulty_diode_0174,faulty_diode,D1,11.99083537379912,3.475360061193984,0.1083360314896622,38.50136236400989,32.95389888782907,12.127857516793938,4.824899981555061,3.377085643779383,1,1,1
faulty_diode_0175,faulty_diode,D1,11.89893148415108,3.98726114898393,0.0457477487237912,34.551632920505035,30.138337596750656,11.952344619856648,4.410353973291239,3.592526686627748,1,1,1
faulty_diode_0176,faulty_diode,D1,11.91716081218311,3.370856905111356,0.1458382253363737,40.60238601248405,30.675868359487435,12.158211675130357,4.3801603528581445,3.738756241999513,1,1,1
faulty_diode_0177,faulty_diode,D1,11.990508906015462,3.5020754076238103,0.1196770468721229,35.37765959172997,32.04689715356152,11.869541055619951,4.231921495884264,3.207585965319371,1,1,1
faulty_diode_0178,faulty_diode,D1,12.001833532262276,3.3410003223146814,0.0946887897496291,39.11030556083112,35.39859914584317,11.99677231058974,4.473874582157055,4.263962364826303,1,1,1
faulty_diode_0179,faulty_diode,D1,12.078113418053809,3.6016580620370435,0.0714796376575909,36.18161965449423,34.65864754516573,11.936834847548637,4.58736082654141,3.590928011525492,1,1,1
faulty_diode_0180,faulty_diode,D1,11.972395140120147,2.953653382731301,0.0955643719256773,37.90810790722416,31.737194888866885,12.005252636821533,4.273214787992424,3.808132502887832,1,1,1
faulty_diode_0181,faulty_diode,D1,11.967521520369576,3.4182275377953983,0.1266510293533025,37.78679604059665,31.79018647214365,12.049778830941776,4.661223600846114,3.892690370503353,1,1,1
faulty_diode_0182,faulty_diode,D1,11.745861615600738,4.001981962309788,0.0886060207414853,33.9265161996762,38.2757635045204,12.030187338072102,4.384103257365847,3.0384116881732286,1,1,1
faulty_diode_0183,faulty_diode,D1,12.208464620091954,3.296437098757419,0.0799312219300099,34.00594310273645,35.83282358340058,12.077323998666577,4.452648747047922,3.7924876190916463,1,1,1
faulty_diode_0184,faulty_diode,D1,11.909942146069334,3.741896106869605,0.1014667348955627,37.90630968704406,34.9343562448779,12.049397738220565,4.391295732736169,3.922546688317038,1,1,1
faulty_diode_0185,faulty_diode,D1,11.986204730069543,3.37542568938606,0.0919342441617812,35.25358095135297,34.82043156732949,11.981647182784284,4.137240386628118,3.717022504989046,1,1,1
faulty_diode_0186,faulty_diode,D1,12.017018406008482,3.755751288670826,0.1183974303190886,38.0567697202697,31.811578255236668,11.938385654195104,4.187940386713358,3.909644701084143,1,1,1
faulty_diode_0187,faulty_diode,D1,12.217323016250658,3.605475421627323,0.0951713887055001,39.40034767069693,34.01111570643002,12.043623570480106,4.142725048207882,3.903618420783826,1,1,1
faulty_diode_0188,faulty_diode,D1,11.860629548923535,3.3597939442195126,0.0930645684646657,33.24262182965393,32.556800611229924,11.855901836547508,4.787644891940301,4.0383058883549285,1,1,1
faulty_diode_0189,faulty_diode,D1,11.707898628878878,3.993537341699965,0.0837894274035674,37.57092661094836,32.86310701466717,12.0028775564081,4.444470705173634,4.063638761270046,1,1,1
faulty_diode_0190,faulty_diode,D1,11.814061798121246,3.882352101620503,0.122026603297791,37.14902024162123,37.64939782864683,11.94710532372753,4.787191446778059,3.668172809397574,1,1,1
faulty_diode_0191,faulty_diode,D1,12.1850109114529,3.697693301283589,0.0922424843627506,38.91821661161489,32.01687612196214,11.858727424109944,4.344945935047852,3.88570988397656,1,1,1
faulty_diode_0192,faulty_diode,D1,12.208805812738063,3.7333388125889537,0.1263639413446805,30.92547523556722,32.11347307036419,11.97114248828459,4.465632171758244,3.725228316475059,1,1,1
faulty_diode_0193,faulty_diode,D1,12.103636643608828,3.566557948548853,0.1027805737390625,34.864631329027844,31.1482201922177,11.988633331091856,4.456902141030865,3.6504758304990874,1,1,1
faulty_diode_0194,faulty_diode,D1,12.004763918487216,3.722702062184016,0.0913540964178534,38.8181442019138,30.661038741593966,11.92790298915301,5.333989087267067,3.388602593503231,1,1,1
faulty_diode_0195,faulty_diode,D1,11.796936798793537,3.9203430235003656,0.0584576029245225,34.29417827008268,37.29164985015298,11.84550640778466,3.905410654278386,3.250245639412691,1,1,1
faulty_diode_0196,faulty_diode,D1,12.134753935252048,4.037433015995744,0.0897482240604298,37.049637212003205,35.78051065502398,12.178734641442984,4.426099415646045,3.009558484699004,1,1,1
faulty_diode_0197,faulty_diode,D1,11.876868161638548,3.5719587415194227,0.0948212240684322,34.43642179697384,35.23778919586134,12.127442842668758,4.448497903822565,4.029545462815546,1,1,1
faulty_diode_0198,faulty_diode,D1,12.053649204994665,3.719351791858772,0.1181308831421992,35.21675614471375,37.11562235419552,11.856158883320544,4.345448730272395,3.662044330913815,1,1,1
faulty_diode_0199,faulty_diode,D1,12.065917903568698,4.080388146130927,0.0995120286552768,30.73331105148138,34.685027792910006,12.075495876614196,3.917442402186178,3.69885875989876,1,1,1
faulty_diode_0200,faulty_diode,D1,11.761478725397955,3.5006046707493814,0.081943821460744,37.427794094725954,33.233660348344365,11.871440899924398,4.764019788887203,3.269858252821476,1,1,1
broken_track_0001,broken_track,PCB_TRACK,12.049517068570642,0.1185989330708444,0.0081716145873474,29.008541496076766,29.042898798119055,12.133696907355596,0.0958873150164273,0.230645086296334,0,0,3
broken_track_0002,broken_track,PCB_TRACK,11.93433940163935,0.2181989882622797,0.0121974302400425,27.80338030509125,24.392499031815007,12.03314708963309,0.1182280738677728,0.1319826523652049,0,0,3
broken_track_0003,broken_track,PCB_TRACK,11.807341944589124,0.3475879150503965,0.012457227554472,27.54183793815658,25.725934233705026,11.917818517157864,0.1651295198393115,0.2137661940868046,0,0,3
broken_track_0004,broken_track,PCB_TRACK,11.917411939949892,0.2509689231224656,0.0059280090627683,31.00168606056076,30.70560106979345,11.95334259287972,0.0685664876484569,0.0,0,0,3
broken_track_0005,broken_track,PCB_TRACK,11.777762884267297,0.0660530225042243,0.0106759517049369,27.34753259111728,25.30932902516952,11.971883595753544,0.1252668573823674,0.2527839349915587,0,0,3
broken_track_0006,broken_track,PCB_TRACK,11.715049457871167,0.1871736519516169,0.0030832961151419,29.80345739428055,29.568292832707,11.910197277367557,0.06169773987998,0.1538732949501692,0,0,3
broken_track_0007,broken_track,PCB_TRACK,11.6620809907903,0.2335968173440576,0.0086357772682993,29.94035016513572,25.80318156407489,11.938087705175008,0.0246737370980442,0.0995709436505746,0,0,3
broken_track_0008,broken_track,PCB_TRACK,11.822702700589767,0.2995973678846446,0.006508690756243,28.248351369489228,27.23847319227639,11.873053473398718,0.0915849788414178,0.2599103331863595,0,0,3
broken_track_0009,broken_track,PCB_TRACK,11.818836091118497,0.2809112790731379,0.0057513953926115,27.03403214785432,29.061366246020096,11.933656384278052,0.1018787429667932,0.1685309171211907,0,0,3
broken_track_0010,broken_track,PCB_TRACK,12.019405201005572,0.0,0.0008515909239595,29.23193401209368,30.0743628112981,11.908951329646849,0.0877985823914432,0.2294719252902301,0,0,3
broken_track_0011,broken_track,PCB_TRACK,12.103982640248804,0.0,0.0055697987651081,27.33484124030025,29.4062803944721,12.24984304837215,0.0885997136595141,0.0593022537896011,0,0,3
broken_track_0012,broken_track,PCB_TRACK,12.060340211580195,0.332099578954071,0.0105400706048975,26.186702909691416,29.91598788296004,12.066354561849844,0.0486959577902187,0.2381425617534342,0,0,3
broken_track_0013,broken_track,PCB_TRACK,12.14958983514883,0.3181890042558893,0.0096677551234527,27.28384110764136,30.454547644162524,11.878983949701912,0.1219289645460502,0.062997337263557,0,0,3
broken_track_0014,broken_track,PCB_TRACK,12.15980644083894,0.1741954484388838,0.0163429161782373,28.98282551271105,25.55355953987614,12.142462773207724,0.1775622633213864,0.2882286492599216,0,0,3
broken_track_0015,broken_track,PCB_TRACK,11.885761820244568,0.1693986045642591,0.0107271360870287,26.59257920133713,31.38469314492641,12.014432647172605,0.0,0.233935581275622,0,0,3
broken_track_0016,broken_track,PCB_TRACK,11.947776390477404,0.1925073443881552,0.0081569031710715,29.614092833213373,30.23937555710676,12.028305316225865,0.083034440643092,0.1958662795190829,0,0,3
broken_track_0017,broken_track,PCB_TRACK,12.002939942486645,0.1197569960135163,0.0128946432428561,28.92008464772093,31.080882479553345,12.125534978028847,0.0657162541204934,0.2820298374508965,0,0,3
broken_track_0018,broken_track,PCB_TRACK,11.857356992535829,0.269593210094085,0.0074169290061994,25.95349355324883,28.560090685394808,11.732543287184583,0.0124512212797386,0.1822508116225717,0,0,3
broken_track_0019,broken_track,PCB_TRACK,12.012366264995226,0.1630681229841811,0.002102818506412,26.364216315722988,28.78241865447479,12.058178177062835,0.0991888441202029,0.3156833781036989,0,0,3
broken_track_0020,broken_track,PCB_TRACK,12.059609553518886,0.1252544346041788,0.0085974897329419,25.19426768558429,27.78372201921717,12.111210061922131,0.1342645042355484,0.3402009325919122,0,0,3
broken_track_0021,broken_track,PCB_TRACK,11.95456721343015,0.3346099794514258,0.0090334788677601,30.943170165139787,27.956286505115752,12.070723137380428,0.1737556182154928,0.1806572371418794,0,0,3
broken_track_0022,broken_track,PCB_TRACK,12.032758348131626,0.3288863425206302,0.0093349841803496,25.35821543498768,32.28601410916982,11.953023553566286,0.1079378025468771,0.3156006669451127,0,0,3
broken_track_0023,broken_track,PCB_TRACK,11.90872591444032,0.0992132086777869,0.0112686864838741,24.41384720417522,27.42418784626416,12.02450386643154,0.0865024051587418,0.0456549056814253,0,0,3
broken_track_0024,broken_track,PCB_TRACK,12.239126693430602,0.2103538153949175,0.0171557605888087,27.47992749963911,26.239976036618472,12.026918092025516,0.089210643683589,0.0822238542008642,0,0,3
broken_track_0025,broken_track,PCB_TRACK,12.220467638818125,0.1377729777106004,0.0007986680760221,30.656332107914665,26.991403968374755,11.939217610738435,0.0117306206485013,0.3740941486596991,0,0,3
broken_track_0026,broken_track,PCB_TRACK,11.806577911918549,0.205844948070565,0.0145631016127022,28.843433866006198,27.880691376015616,11.829833414171258,0.0595137582116358,0.2187800338042522,0,0,3
broken_track_0027,broken_track,PCB_TRACK,11.88192388950195,0.2203359459998767,0.0134087170440757,29.925005771600205,25.547641284374635,12.219664605497895,0.1383739672277065,0.1998285846330936,0,0,3
broken_track_0028,broken_track,PCB_TRACK,12.163430487461495,0.4365407771999974,0.0028063994947156,27.549474715017293,23.243136680253343,12.019265153264802,0.118269712096257,0.196083788455724,0,0,3
broken_track_0029,broken_track,PCB_TRACK,11.901819964350253,0.0,0.0118676684170588,30.91086896783065,26.817963088533137,12.044005992902315,0.0215927843289974,0.2457213063692514,0,0,3
broken_track_0030,broken_track,PCB_TRACK,11.9409926553383,0.1237582049397085,0.0061981817939193,27.21277683593398,28.764866631385072,11.868783679880448,0.0801442334216073,0.1958528222000852,0,0,3
broken_track_0031,broken_track,PCB_TRACK,11.83514411632022,0.3796665201675017,0.0057325225996932,26.66112617273302,26.04338410035501,12.179848008713812,0.1276452614299741,0.1063407993756357,0,0,3
broken_track_0032,broken_track,PCB_TRACK,12.165934733828996,0.2200698694288878,0.0112862671055575,27.31104558249509,26.50116802608605,12.03377660990546,0.0727456385002204,0.3816755629575105,0,0,3
broken_track_0033,broken_track,PCB_TRACK,11.809606334213534,0.3536156772854945,0.0094434057560109,28.59817146804221,29.66631553325887,11.936975070499557,0.1432124192349318,0.0,0,0,3
broken_track_0034,broken_track,PCB_TRACK,11.89200157001671,0.1075937192658934,0.0037324699381411,27.5700903238421,28.77149993636339,12.07026599984993,0.1120438378600203,0.1334306535106453,0,0,3
broken_track_0035,broken_track,PCB_TRACK,12.055352465673774,0.2124285694850851,0.01468028083968,29.553873405863037,28.06095282784126,11.910274699383876,0.0673524922083959,0.1450210640361967,0,0,3
broken_track_0036,broken_track,PCB_TRACK,11.95271004991256,0.2268050427589753,0.0135758719506402,27.897762613969245,28.032249575800943,12.0143306305,0.074204734343383,0.1074607742357044,0,0,3
broken_track_0037,broken_track,PCB_TRACK,11.736684315403394,0.1304850641923127,0.0123657272663389,26.594177123920865,27.52438592514812,12.046643128741232,0.1260344748211334,0.0920467147833961,0,0,3
broken_track_0038,broken_track,PCB_TRACK,12.149558903468046,0.3127350089355485,0.0043507507139072,26.35232626071769,30.382181366292382,11.98531464787447,0.0,0.0600318495267313,0,0,3
broken_track_0039,broken_track,PCB_TRACK,11.962594556224127,0.0836957349715398,0.0079328811468177,28.06479242736716,30.92450920806946,11.97095460837722,0.1536270899786379,0.342876016203677,0,0,3
broken_track_0040,broken_track,PCB_TRACK,12.21514645040281,0.2284754593385568,0.0001835542608051,28.92164973080773,30.096799775627083,11.991893289456458,0.1872291935037624,0.2859833561467458,0,0,3
broken_track_0041,broken_track,PCB_TRACK,12.085241006572918,0.3086380711205838,0.0116668492563043,23.01437900120929,27.001722097059268,12.119716802724785,0.0596204329950852,0.1776527494763061,0,0,3
broken_track_0042,broken_track,PCB_TRACK,11.84327455291454,0.3783922595201769,0.01840746228709,26.23226220971854,28.294596000778167,11.931950595223595,0.1307472319515689,0.2509683077242329,0,0,3
broken_track_0043,broken_track,PCB_TRACK,12.12175583574199,0.2331918447707887,0.0246770310319423,25.944152469978523,24.57879329112697,11.960690979929854,0.0216005867219866,0.0507537729994007,0,0,3
broken_track_0044,broken_track,PCB_TRACK,11.849802801870306,0.1077811094568372,0.0052269094902496,29.036437900890824,26.987621877829326,11.982048542512752,0.1447116387250467,0.1233677475218573,0,0,3
broken_track_0045,broken_track,PCB_TRACK,11.960318115194292,0.2365759986092915,0.0002921609968988,23.230188982098834,28.69223465759545,12.04920142805669,0.2032110067426205,0.215809487586681,0,0,3
broken_track_0046,broken_track,PCB_TRACK,12.122960957588717,0.1804527356414026,0.0114861361079254,31.33451368349907,23.752014363748728,12.041361625757167,0.2067793365038683,0.2282034219209342,0,0,3
broken_track_0047,broken_track,PCB_TRACK,12.247585944484928,0.1370787850470557,0.0098397625291814,28.067049404777176,23.56481784128246,11.88318221721498,0.0451562460308007,0.2822066078032527,0,0,3
broken_track_0048,broken_track,PCB_TRACK,12.130822965852609,0.2324036442706533,0.0141205144842785,27.671701174556453,30.403863339079088,12.000878844263209,0.1028932023713378,0.1734407366737588,0,0,3
broken_track_0049,broken_track,PCB_TRACK,12.102667571645464,0.1578801183387086,0.0148821568859903,25.735701718567988,25.802167490543614,12.06874267551265,0.0955727892708493,0.1546108583846872,0,0,3
broken_track_0050,broken_track,PCB_TRACK,12.13350865987132,0.1392738585913915,0.0089989937284981,30.79845590014232,31.0782846916213,12.157239821027034,0.0858937111533044,0.323070290498447,0,0,3
broken_track_0051,broken_track,PCB_TRACK,11.857657075834698,0.1093097125277939,0.0,31.34573640379706,26.272040301847845,11.987346742025291,0.0544837829035858,0.2695165248330141,0,0,3
broken_track_0052,broken_track,PCB_TRACK,11.943654950892398,0.069518310956705,0.0122083128209303,25.13253995037954,26.325188549369017,11.789311088537392,0.0288020943901196,0.2178529169720477,0,0,3
broken_track_0053,broken_track,PCB_TRACK,11.70531959428456,0.0518854275378284,0.0099881554193359,26.91278620781389,31.984073271918614,12.183389654602438,0.0566038768624423,0.2557137618403482,0,0,3
broken_track_0054,broken_track,PCB_TRACK,12.112392383531915,0.1402521141975596,0.0025222923175089,27.97540310138389,27.654308650371775,11.956423550302938,0.1221158434082242,0.1249270392994401,0,0,3
broken_track_0055,broken_track,PCB_TRACK,11.827200367863128,0.2109082970349832,0.0119298504628443,25.64671011219989,29.85618122198216,11.822951886222391,0.0710943270642178,0.1741991463802391,0,0,3
broken_track_0056,broken_track,PCB_TRACK,11.90456644310221,0.1434939526448807,0.0193553724115405,26.2982318219222,32.88244344494383,12.043712677973105,0.1046027568655996,0.2476240353387666,0,0,3
broken_track_0057,broken_track,PCB_TRACK,12.379489162387792,0.1006406996068552,0.004397910405318,26.49026760685616,28.06428629392912,11.827422887518743,0.1011169619659304,0.3693547133413672,0,0,3
broken_track_0058,broken_track,PCB_TRACK,12.022711108593716,0.1707314541024723,0.0069091977565818,29.79702340910313,26.348334453523904,12.184639592059924,0.1966679873857178,0.2256750798661787,0,0,3
broken_track_0059,broken_track,PCB_TRACK,11.998272736788504,0.303065980824156,0.0154739925111366,26.388016537881168,26.9468897337266,11.867765256531673,0.1204532469167028,0.2666627883456891,0,0,3
broken_track_0060,broken_track,PCB_TRACK,11.797511154320809,0.1544801095183841,0.0032637304120932,26.202400379512326,29.1020341204526,11.926651793332171,0.084958702198385,0.0372688272052684,0,0,3
broken_track_0061,broken_track,PCB_TRACK,12.0280485314587,0.1955726680155351,0.0063552037498341,27.62197140463505,28.36058976100689,11.918513185109065,0.026186872799911,0.3805574432686815,0,0,3
broken_track_0062,broken_track,PCB_TRACK,11.90500909429346,0.1903239896813111,0.0150541986751015,35.05811037514097,25.511027100222268,12.044982721372651,0.0646223857352946,0.1461209695423289,0,0,3
broken_track_0063,broken_track,PCB_TRACK,11.891968196848982,0.0874345032199415,0.0097935431910766,25.050994625903527,29.89361513302374,12.005500293603337,0.121121748645072,0.1533811388053777,0,0,3
broken_track_0064,broken_track,PCB_TRACK,11.944919409868238,0.2287563905167328,0.0041797468379708,27.284019131173327,26.28077297224309,11.9109431189409,0.0,0.3339326589479999,0,0,3
broken_track_0065,broken_track,PCB_TRACK,11.897019187026936,0.316337605516355,0.0153439616069714,25.428000586967013,25.82317752865431,12.256050295935568,0.1875462970963571,0.1968481486671895,0,0,3
broken_track_0066,broken_track,PCB_TRACK,12.038605965962605,0.1369153597052811,0.0121617635710017,26.565636198555055,23.93529247140323,11.867844421348895,0.1010546373925293,0.0868932764497412,0,0,3
broken_track_0067,broken_track,PCB_TRACK,11.98990838026297,0.0925338960567137,0.00608823038749,29.706330612826385,28.49496109528021,11.999033557868666,0.1439481986535325,0.2480608593347347,0,0,3
broken_track_0068,broken_track,PCB_TRACK,12.216984493687706,0.154014073768486,0.0078518251073624,25.39778146721731,27.14203856525516,12.096476989430244,0.1649993686131067,0.2960305168086668,0,0,3
broken_track_0069,broken_track,PCB_TRACK,11.730871220017583,0.3083145212660734,0.0008074068836396,29.796234648244692,27.26443094685789,12.070253331393385,0.0333775826052717,0.3171167632706146,0,0,3
broken_track_0070,broken_track,PCB_TRACK,11.780253788084266,0.1331545089146822,0.0050095268611548,24.491430294355,28.189055135176936,12.180608911783697,0.2333452611160004,0.2097155787086247,0,0,3
broken_track_0071,broken_track,PCB_TRACK,12.167502191260128,0.2232094637928537,0.012494415973841,27.31570269774552,28.39015385084521,12.053747870460644,0.0710770135561834,0.1922505700107012,0,0,3
broken_track_0072,broken_track,PCB_TRACK,11.991235482150376,0.2826403317330525,0.0046698391418615,27.896915582784697,31.824010938105395,12.116406015258594,0.1674589524444352,0.2024431840178034,0,0,3
broken_track_0073,broken_track,PCB_TRACK,12.048149634552905,0.3002236166702925,0.0178012776476546,24.096794174234223,25.36911738590031,12.130944410140264,0.0861555322115598,0.1328279210741922,0,0,3
broken_track_0074,broken_track,PCB_TRACK,11.81187585195066,0.144498329845589,0.0029881535828808,32.18218854546495,27.955127896038853,11.994204945823729,0.1294038337583916,0.296234516926657,0,0,3
broken_track_0075,broken_track,PCB_TRACK,12.141883223483196,0.3073621943907572,0.0068457722460457,27.40426639008628,29.53806331088455,11.94726109383604,0.0997446683986387,0.2398763764424814,0,0,3
broken_track_0076,broken_track,PCB_TRACK,12.117777762346556,0.0222319037629798,0.0135737282494447,27.53255188429655,29.41491542172876,12.077693169235484,0.1803957530559579,0.3353453647621203,0,0,3
broken_track_0077,broken_track,PCB_TRACK,12.201985749391543,0.3443670319166239,0.0114568949240797,28.06437017407368,29.74563416635667,12.073208095143302,0.084546688163087,0.2404823408808268,0,0,3
broken_track_0078,broken_track,PCB_TRACK,11.99473552998231,0.1146067091539944,0.0164523037068817,28.110398485060177,32.097416515397704,11.837450772980016,0.0721610613578317,0.2032638836690871,0,0,3
broken_track_0079,broken_track,PCB_TRACK,12.170607164644338,0.2399469372602185,0.0115523637709037,25.745472414891704,25.68611720554106,12.03225046602899,0.031794700309082,0.1468122249710671,0,0,3
broken_track_0080,broken_track,PCB_TRACK,12.07513759936288,0.1017675727723224,0.018026779811809,30.44787268847578,24.8571600033234,11.9067628756818,0.0,0.1217408637451866,0,0,3
broken_track_0081,broken_track,PCB_TRACK,12.11495827148586,0.1586105057725143,0.0123039862180798,24.95533136343651,29.59595050916381,11.944489077207166,0.1006084841141452,0.1907125498606947,0,0,3
broken_track_0082,broken_track,PCB_TRACK,11.809267721866158,0.0846915668260217,0.0148389723450171,28.79798431500339,30.10009808310685,12.032465823550252,0.1071495317404608,0.0273989381333233,0,0,3
broken_track_0083,broken_track,PCB_TRACK,11.959444995485825,0.1972615679596256,0.0197655359913628,29.373913264197355,31.07212236341905,12.059753770589472,0.064434838652526,0.2117124216149851,0,0,3
broken_track_0084,broken_track,PCB_TRACK,12.035433546939634,0.1060844430229318,0.0080780631170353,27.588466012645657,31.21123966513024,11.791925947460902,0.1602909210358021,0.1063204765040617,0,0,3
broken_track_0085,broken_track,PCB_TRACK,11.794188121909558,0.3179942130038464,0.0136594903461719,30.50903740476238,29.601403895091156,12.20598450017374,0.1279361918472242,0.1843522623876841,0,0,3
broken_track_0086,broken_track,PCB_TRACK,12.0514389565982,0.3243469128345964,0.0061031233736994,26.69622283493724,27.382079970804185,11.789541720123466,0.1069039204208773,0.0113871296048973,0,0,3
broken_track_0087,broken_track,PCB_TRACK,12.007958896939892,0.2865289756135249,0.0076156176967808,31.35423174037374,25.078998201163024,12.119126068163183,0.133756852820346,0.0283966751689311,0,0,3
broken_track_0088,broken_track,PCB_TRACK,12.40661914485608,0.1936254714496034,0.0056125798892218,25.18582561043197,27.559963944680653,11.987259312761005,0.1051322764269832,0.170220384377604,0,0,3
broken_track_0089,broken_track,PCB_TRACK,12.094983796517264,0.1612370167336753,0.0003251794137976,27.70127700870072,23.265044693253444,12.03537706308914,0.0510349884858682,0.21633603549158,0,0,3
broken_track_0090,broken_track,PCB_TRACK,12.19711124722869,0.1051251304731999,0.0153062812925605,27.13322086662769,31.50638960413117,11.96348473868018,0.0579753507246654,0.2687238450395288,0,0,3
broken_track_0091,broken_track,PCB_TRACK,11.934631540556454,0.1158550485870991,0.007610800746481,27.910786935634,30.684360262489708,11.806591225454042,0.101154032947521,0.2624903594654043,0,0,3
broken_track_0092,broken_track,PCB_TRACK,12.02901728624877,0.3309865169433534,0.0096282733512073,27.63089711562811,29.184659094026685,12.009931381495136,0.0804795630859764,0.251614403958638,0,0,3
broken_track_0093,broken_track,PCB_TRACK,11.902120756017505,0.1388822847980673,0.0073600298911719,30.706138320332816,21.55796728802857,12.039559883476294,0.1017135907100111,0.0319129540761879,0,0,3
broken_track_0094,broken_track,PCB_TRACK,12.0464590168704,0.2475751991831532,0.012948196156787,22.696343873910106,30.73277882370888,11.926226329531517,0.1343283873376588,0.2741073780682286,0,0,3
broken_track_0095,broken_track,PCB_TRACK,11.868495437157106,0.266045995235155,0.0080725337954382,23.857245641323686,30.33548385105556,11.922495503698377,0.0572753268630972,0.1596934131963278,0,0,3
broken_track_0096,broken_track,PCB_TRACK,12.040835508799107,0.1942729589177897,0.0127403346235358,25.321021266942683,26.51522725913853,11.988400292767846,0.1948943646329353,0.1886187461586242,0,0,3
broken_track_0097,broken_track,PCB_TRACK,12.162783339549245,0.2038555168784318,0.0075817068128121,27.50655115177112,27.66316057594224,12.060364573896074,0.1687305633788277,0.2359680847686321,0,0,3
broken_track_0098,broken_track,PCB_TRACK,12.178061651811264,0.1035210262370314,0.0079268474559298,26.551394931584667,28.628889181749702,11.96410416148206,0.1364886468517097,0.1068998288367558,0,0,3
broken_track_0099,broken_track,PCB_TRACK,12.006454645998192,0.2686857911012256,0.0,32.24326261466041,27.433696230240248,11.797496008632384,0.1079046949288393,0.2033443467973151,0,0,3
broken_track_0100,broken_track,PCB_TRACK,11.987715843064128,0.2991191112926666,0.0137372248571352,28.59575238204769,28.900311267893294,11.989564155056192,0.1887745424620024,0.0520803981642233,0,0,3
broken_track_0101,broken_track,PCB_TRACK,12.020947751132384,0.206502463118878,0.0140664020303229,26.3122922451502,24.512654795206927,12.01568230160982,0.1140615246109302,0.3489599409447649,0,0,3
broken_track_0102,broken_track,PCB_TRACK,11.809445693051238,0.315469376671672,0.0218370718201356,27.244470224955045,25.41811556101355,11.959302563362662,0.100700248368569,0.2563787875006915,0,0,3
broken_track_0103,broken_track,PCB_TRACK,11.911290790524292,0.3555198534147342,0.0044273384249596,24.5215896956544,30.21342084857464,11.77253789687938,0.0897935115563642,0.5117681129208047,0,0,3
broken_track_0104,broken_track,PCB_TRACK,11.99819346705601,0.087923234930375,0.009713012681066,27.89839842276093,28.321299880706235,12.066226298215962,0.048044441581613,0.3687548055236794,0,0,3
broken_track_0105,broken_track,PCB_TRACK,12.036767142655894,0.2726794046401803,0.0068592530012217,30.572764273991066,27.48589518237387,12.027755251349353,0.0533446961406445,0.1003068373597873,0,0,3
broken_track_0106,broken_track,PCB_TRACK,12.103230795967931,0.1556393169792614,0.0057308845624781,26.713633315945938,29.39790614343484,11.93709621387964,0.0941172534198918,0.2015027750287097,0,0,3
broken_track_0107,broken_track,PCB_TRACK,11.712397667098456,0.0528873594626481,0.0116813894462378,26.525941277694606,30.11344982256084,12.096680710425057,0.1359584333177718,0.3819771787312598,0,0,3
broken_track_0108,broken_track,PCB_TRACK,11.987536600838522,0.2648881925903839,0.0070779951170198,32.90473982573745,31.96726730487204,12.00118804345178,0.1193293114952596,0.3359297599364805,0,0,3
broken_track_0109,broken_track,PCB_TRACK,11.977929074277885,0.1343375929200295,0.0143699487550344,28.15687849216734,28.36598889929052,11.916572865693205,0.0141163925818301,0.2236142409879101,0,0,3
broken_track_0110,broken_track,PCB_TRACK,12.13574430622413,0.1774193250923958,0.0171821475977943,26.59216734916891,25.89059109006816,11.993276969280387,0.0958703712324354,0.2769968731335223,0,0,3
broken_track_0111,broken_track,PCB_TRACK,11.883755576390405,0.3368094236814898,0.0198345848125412,27.921711946063315,30.49942084036864,11.894350292937474,0.1537610770590958,0.3047276408559463,0,0,3
broken_track_0112,broken_track,PCB_TRACK,12.12951559202848,0.1984436911129706,0.0,26.71654571269574,26.748167964630795,11.902174506193951,0.1061121502273533,0.1581036554478765,0,0,3
broken_track_0113,broken_track,PCB_TRACK,11.876308198535249,0.094119985175218,0.0064224350725738,30.242998423699856,26.67794989074501,11.948506129356671,0.0771651192488376,0.2338993513809419,0,0,3
broken_track_0114,broken_track,PCB_TRACK,12.06843742327928,0.0,0.015108176069138,30.87273606848751,25.89962692527666,11.902770175526516,0.0774873306110864,0.1243995980543395,0,0,3
broken_track_0115,broken_track,PCB_TRACK,12.03358903109199,0.0053474713641135,0.0044103619598163,31.07839440034981,26.14356006530397,12.124342827810292,0.1177669097795068,0.0190732285411741,0,0,3
broken_track_0116,broken_track,PCB_TRACK,12.09529937928243,0.1882332697807146,0.0077226647187512,28.48991418634401,28.949266971133586,12.07075918219746,0.1589126423774001,0.2408135912778356,0,0,3
broken_track_0117,broken_track,PCB_TRACK,11.793654886682043,0.1526354542348809,0.0247152416763431,29.448982120763453,32.73857460162299,12.139543408219918,0.1120901035777874,0.2301407069781117,0,0,3
broken_track_0118,broken_track,PCB_TRACK,11.994512994018471,0.02621953841535,0.0100902362623411,30.4213491050844,26.800720010357598,12.041195299906182,0.1425795522946598,0.1090319560687524,0,0,3
broken_track_0119,broken_track,PCB_TRACK,11.93230457034845,0.0982088509522841,0.0058891719665529,25.42478943269388,26.199103077243947,12.141945568079784,0.0542261485454853,0.212645921906069,0,0,3
broken_track_0120,broken_track,PCB_TRACK,11.924569686949356,0.3178865937036939,0.016555811483018,29.728139964277894,28.61226910620551,11.97689404631591,0.0404062647904375,0.3943528881122197,0,0,3
broken_track_0121,broken_track,PCB_TRACK,11.886049047337115,0.2663646347032841,0.0152978278631169,26.889439006189345,30.076025054631923,12.076421320333884,0.1863981917690882,0.1530653533573289,0,0,3
broken_track_0122,broken_track,PCB_TRACK,11.807120397408044,0.1494510244555489,0.0110442677126716,28.116425454170116,27.2131242074509,11.809080254102277,0.1235241498064553,0.39723444790822,0,0,3
broken_track_0123,broken_track,PCB_TRACK,12.069637685718453,0.2609135519053513,0.0128622265307755,28.7940933397648,29.86333193373619,12.039537368118566,0.0843661415173362,0.1204011089991246,0,0,3
broken_track_0124,broken_track,PCB_TRACK,11.9626539517079,0.2314129496450666,0.0084195851943851,28.62867736626286,28.878300267400835,12.083317943127016,0.164139748441949,0.2078007418478857,0,0,3
broken_track_0125,broken_track,PCB_TRACK,11.80383351522785,0.165489590318081,0.0102203128370329,24.32846248764582,30.777329040204965,12.014237791251048,0.1190676417290142,0.3365526462526266,0,0,3
broken_track_0126,broken_track,PCB_TRACK,11.905478575478648,0.257404193088403,0.0094506793844903,27.63182626596816,26.45561522439124,12.166560321368651,0.0812249979962214,0.2699464246895702,0,0,3
broken_track_0127,broken_track,PCB_TRACK,11.71874889187921,0.3179988529689787,0.0152610557797852,28.194868220594607,27.546115067724152,12.040000000561356,0.2144395330440144,0.0236763301096514,0,0,3
broken_track_0128,broken_track,PCB_TRACK,12.11730410813612,0.1088382697846097,0.0099004080185013,27.504239761842676,27.14336348440449,11.998953487094727,0.0432914427361104,0.3029180436127967,0,0,3
broken_track_0129,broken_track,PCB_TRACK,11.73087847332021,0.2539764512828342,0.0083673207373271,25.65815021238509,28.404766741197392,11.844304891329353,0.1019856910859817,0.0577123092188445,0,0,3
broken_track_0130,broken_track,PCB_TRACK,12.069190812647674,0.1075642666369624,0.0077450299148534,28.587898775886323,26.454915776315527,11.99420360003317,0.0243084749377573,0.2630875603596155,0,0,3
broken_track_0131,broken_track,PCB_TRACK,12.264737070832616,0.4792208867909961,0.0104558407333321,29.57640828159437,24.438748654185023,12.15027343263056,0.1388114252362053,0.1516066555048767,0,0,3
broken_track_0132,broken_track,PCB_TRACK,12.185577120043352,0.1745523923354658,0.0077098740849272,28.950669850854982,25.873291000339364,12.102162476439997,0.0472005094036578,0.0949945210176813,0,0,3
broken_track_0133,broken_track,PCB_TRACK,11.86354653173875,0.2759500037516122,0.0069161231924014,25.30400843126566,26.788640000128403,11.996795762931953,0.0409513758167807,0.0848318890965656,0,0,3
broken_track_0134,broken_track,PCB_TRACK,12.316694450114936,0.1139434596186113,0.0083847881561349,27.26552599840143,27.15728638445912,12.06213467399691,0.1474071475236024,0.1694045568468408,0,0,3
broken_track_0135,broken_track,PCB_TRACK,11.814528257011148,0.3274440227848904,0.0095232945440165,31.460643629714337,23.508828204869676,12.019540322128332,0.1959303166938104,0.1646735864561841,0,0,3
broken_track_0136,broken_track,PCB_TRACK,11.966175986499804,0.2295511691590339,0.0072060209055752,27.375856135894534,27.3243698116172,11.937257926557365,0.1614428275100279,0.2461078032296435,0,0,3
broken_track_0137,broken_track,PCB_TRACK,12.037594234815495,0.2808571006890117,0.0086782208339826,26.4515923632942,26.794751390770884,12.00017830411046,0.0470394145813549,0.1499738983413324,0,0,3
broken_track_0138,broken_track,PCB_TRACK,11.922582503719283,0.4124556229829014,0.0,27.64076055718873,31.45138758562954,12.012184446413244,0.1376708736710546,0.2099826315099768,0,0,3
broken_track_0139,broken_track,PCB_TRACK,11.899899992817527,0.0,0.0110272784351815,26.448786790795214,26.39932918766939,11.950101274402089,0.1872430703311746,0.4404837542253973,0,0,3
broken_track_0140,broken_track,PCB_TRACK,12.03258119062926,0.1535232776088272,0.0041138679127439,28.93708032309214,31.565811200130288,11.975265961297485,0.0,0.2670049671815524,0,0,3
broken_track_0141,broken_track,PCB_TRACK,12.147809956717508,0.0414154359614152,0.0108824209183147,28.9024520322722,27.85378539598212,11.920922908091464,0.1507968611781778,0.1596620254031317,0,0,3
broken_track_0142,broken_track,PCB_TRACK,11.77722207559501,0.0,0.0163042475999965,29.23332795294224,28.175947094258337,11.95597253631492,0.0735500792898436,0.0924263351558388,0,0,3
broken_track_0143,broken_track,PCB_TRACK,11.935281653316018,0.0,0.0063196817326574,27.37812496729781,29.21976009438084,11.996007353662664,0.1397461556937779,0.334913510511343,0,0,3
broken_track_0144,broken_track,PCB_TRACK,12.158725514073616,0.2470509847378557,0.0100593133959039,26.038423983172883,29.479888102758636,12.167974738222153,0.1171053019825209,0.3917259148426123,0,0,3
broken_track_0145,broken_track,PCB_TRACK,11.771164243790835,0.0845836615220458,0.0142760075387413,28.5285804203065,30.62756435314361,11.998452835927326,0.0566012288735834,0.1786406757794957,0,0,3
broken_track_0146,broken_track,PCB_TRACK,11.77009740436144,0.0871409326902965,0.01486221998959,29.74557482893922,28.726008569612155,11.827892247903954,0.0820798212243555,0.0775000111339949,0,0,3
broken_track_0147,broken_track,PCB_TRACK,12.176479988068165,0.1416277866437398,0.0045712614460922,28.05959233024285,26.719691086330776,12.14837439102037,0.0632594551232904,0.0600771740775368,0,0,3
broken_track_0148,broken_track,PCB_TRACK,11.677062972636373,0.1969213497586585,0.0071903494307103,25.142190786976546,30.37845292251157,12.066724514742925,0.0985891060531385,0.3364326244170866,0,0,3
broken_track_0149,broken_track,PCB_TRACK,12.099380405009793,0.1177144098481567,0.0048038991800461,29.63596308890772,28.7927339129347,12.016974776797069,0.0576751098565546,0.2607947567005754,0,0,3
broken_track_0150,broken_track,PCB_TRACK,11.886675167529908,0.1898013345406322,0.0172347207319349,26.678331528379708,24.85402148585428,11.89474528081299,0.1497149413343811,0.2254731137380209,0,0,3
broken_track_0151,broken_track,PCB_TRACK,11.980668393196687,0.149090619468843,0.0124267995377659,26.301790298019554,28.61133113728519,11.926874543118704,0.0551170307362473,0.1362512565174988,0,0,3
broken_track_0152,broken_track,PCB_TRACK,11.943688883027406,0.1951170164066297,0.0111772789755555,20.623269417143117,26.38469888450647,11.960843002264395,0.1752531019304165,0.0919997391617867,0,0,3
broken_track_0153,broken_track,PCB_TRACK,12.024419492714989,0.3495030309735837,0.0034351573502636,28.787950451728804,26.39545633213096,11.949536625771076,0.0598444583023342,0.1268142691584114,0,0,3
broken_track_0154,broken_track,PCB_TRACK,12.408286822185977,0.2844455872071666,0.015508689308931,28.98398697367299,24.78748642319609,12.03949579703233,0.1536464807253673,0.1146600525960888,0,0,3
broken_track_0155,broken_track,PCB_TRACK,12.144799000074167,0.2704336209854079,0.0192602002240683,27.164433974972763,25.804778035448543,11.963837189062746,0.1717785496581811,0.0171594119158036,0,0,3
broken_track_0156,broken_track,PCB_TRACK,11.689743642685343,0.2089395278931613,0.0077870535361292,28.01545578635137,29.89062354247173,11.944743065388115,0.0063497084534689,0.4044481557199944,0,0,3
broken_track_0157,broken_track,PCB_TRACK,11.850415756884184,0.0940962877987902,0.0155186000686129,27.231021757916963,27.873220295930377,12.048279012406033,0.1541791551554998,0.1666539306818228,0,0,3
broken_track_0158,broken_track,PCB_TRACK,12.227992800887144,0.0,0.0137989361847653,26.320944883964685,30.744542633215985,12.014204447883056,0.0663547333995299,0.2662841093021633,0,0,3
broken_track_0159,broken_track,PCB_TRACK,12.133978252081087,0.2641894122858638,0.0048515188018346,27.03196575275583,27.99185432575713,11.995874034734994,0.1374872737719173,0.0,0,0,3
broken_track_0160,broken_track,PCB_TRACK,12.050149058183026,0.171001864556336,0.0058074969180802,26.5150264444608,27.57092467096407,11.639891489554048,0.0649355214604225,0.1124185175353706,0,0,3
broken_track_0161,broken_track,PCB_TRACK,12.079917481398391,0.1194473317489479,0.0089244309991475,31.084553255322604,29.988703039630845,12.090227139994346,0.0750063784794574,0.2543032279289652,0,0,3
broken_track_0162,broken_track,PCB_TRACK,11.96491532993196,0.1803906789323062,0.0120484267187327,26.80601282315813,30.98600620888641,11.983986986040206,0.1309180283129832,0.3455600479257298,0,0,3
broken_track_0163,broken_track,PCB_TRACK,12.154748066186276,0.0591080897309475,0.0122244794750494,29.70143878892129,29.783726044321497,11.888670516588537,0.0671482381491338,0.2994558235741621,0,0,3
broken_track_0164,broken_track,PCB_TRACK,11.885735944397602,0.1700303943335686,0.0178793790475098,27.90440149923042,26.546451724332314,11.912238264313707,0.1166359664792594,0.0666851991522791,0,0,3
broken_track_0165,broken_track,PCB_TRACK,11.962899605415537,0.2333230534990021,0.0164957491027383,29.33509616073999,26.571869764035643,12.117841931756372,0.0850242481226261,0.0764296977950591,0,0,3
broken_track_0166,broken_track,PCB_TRACK,11.974193796110178,0.3438169201145702,0.0108262002503246,28.02504372865957,31.274423289405707,11.856864515294555,0.0357200442973613,0.0384153529033167,0,0,3
broken_track_0167,broken_track,PCB_TRACK,12.05589722797201,0.2166493127115124,0.0177136818363988,28.48695015427354,27.191685681041395,12.000179487287811,0.1058853709230479,0.0328238726671832,0,0,3
broken_track_0168,broken_track,PCB_TRACK,12.406549746650231,0.2519871018101912,0.0110500415401129,29.23032796855716,29.41882196117321,11.985944651449756,0.0684379431879649,0.2599450686321704,0,0,3
broken_track_0169,broken_track,PCB_TRACK,12.057856626079715,0.1190109900910592,0.0170951780568363,28.586704072645965,29.45963872453526,12.139192088767992,0.1010944410582417,0.2316952006984115,0,0,3
broken_track_0170,broken_track,PCB_TRACK,12.121504085775918,0.1275138916199947,0.01027025831423,28.25109717330229,26.08788289663321,12.231763678867388,0.0296353278253798,0.0701896096312842,0,0,3
broken_track_0171,broken_track,PCB_TRACK,12.197133986355537,0.2713266250796542,0.0048701759125961,29.214578030203384,30.93570088999462,11.9969736942403,0.2299411450037291,0.0275938189131964,0,0,3
broken_track_0172,broken_track,PCB_TRACK,12.104073518078865,0.3166528336221003,0.0144567195080262,27.591288546708704,27.419117035977703,12.044414517108724,0.1407877243326034,0.2602473436282363,0,0,3
broken_track_0173,broken_track,PCB_TRACK,12.156008683619008,0.0981130042933264,0.0088611451043818,26.11996813575249,27.22777444782772,12.101522089181431,0.1053991960362614,0.460685916314977,0,0,3
broken_track_0174,broken_track,PCB_TRACK,12.029010955078457,0.2059691880579736,0.010530914597201,26.724382614280128,27.88432677524481,12.112778802711164,0.1056985334063886,0.1206540270116528,0,0,3
broken_track_0175,broken_track,PCB_TRACK,11.861237306928205,0.1549798108334156,0.0103693171720544,30.387173070952525,25.319022717267128,11.968017372211124,0.1072155009717539,0.0166294232370565,0,0,3
broken_track_0176,broken_track,PCB_TRACK,11.874960257555038,0.1320111460263813,0.0060201481307475,28.38377909004329,27.678880780996405,11.944471389739896,0.1213981313276317,0.372307471764625,0,0,3
broken_track_0177,broken_track,PCB_TRACK,12.245888477511263,0.0077228227937663,0.0128853609191756,27.64395341987232,28.310310685730716,11.960171696645745,0.1058794314943601,0.2151407396072018,0,0,3
broken_track_0178,broken_track,PCB_TRACK,11.913157236397662,0.1103632452174819,0.0077565215869025,28.46851852891353,29.19799268336853,12.085334897734016,0.0752904988466543,0.2283844567302737,0,0,3
broken_track_0179,broken_track,PCB_TRACK,12.144375388792994,0.3165594895144128,0.0097058357293423,27.55813655012077,28.382248467672785,11.88502925271026,0.0903195244482246,0.274458639847313,0,0,3
broken_track_0180,broken_track,PCB_TRACK,12.096292069416554,0.1729732395636111,0.0110885910054358,26.350699319418624,29.406984296450048,11.992217856386352,0.0862024274151931,0.1638276163906613,0,0,3
broken_track_0181,broken_track,PCB_TRACK,11.990565919965022,0.1552122355068041,0.0132907151800128,27.20943290396764,31.185928192054764,12.146521050348138,0.0554228255072747,0.206970426942928,0,0,3
broken_track_0182,broken_track,PCB_TRACK,11.90240150679957,0.1673352436811388,0.0200121373382239,27.3848571657684,28.720452074154856,12.054132129400829,0.0499685313758379,0.1144904525590795,0,0,3
broken_track_0183,broken_track,PCB_TRACK,11.819096644288782,0.1114029266102223,0.0,29.089164801587252,32.10838768251214,12.014782073903651,0.0291865570329696,0.1357223617100052,0,0,3
broken_track_0184,broken_track,PCB_TRACK,11.93116847324625,0.0982415222786624,0.0143009131919757,29.620520088750663,25.68909641236468,12.07250810444475,0.1763406331788632,0.390255820522956,0,0,3
broken_track_0185,broken_track,PCB_TRACK,12.429781803462896,0.1098007350556802,0.024121102131976,27.29158722298242,26.81506908923897,12.032707237487784,0.0708969332953493,0.2399044140646526,0,0,3
broken_track_0186,broken_track,PCB_TRACK,11.801988421839404,0.1761247397936566,0.0164279111718083,27.88587741713769,28.283191573479765,12.047525860471731,0.158533081465883,0.0344775287810567,0,0,3
broken_track_0187,broken_track,PCB_TRACK,12.087678607775617,0.1731860860758237,0.0108331894765591,30.119900339524754,25.611626697176312,11.89873555585569,0.0032285020143096,0.1450841058236223,0,0,3
broken_track_0188,broken_track,PCB_TRACK,12.199564851656822,0.187941281152653,0.003299375521726,27.028642510849902,25.024276593018755,11.887481389826885,0.1194409455131856,0.0826126673693971,0,0,3
broken_track_0189,broken_track,PCB_TRACK,12.166895145780495,0.1928879709169664,0.0104279735197226,27.443254064784213,29.545695677087448,12.0783159887777,0.1167527175956085,0.2564789105907648,0,0,3
broken_track_0190,broken_track,PCB_TRACK,11.968186549511936,0.2542203006909048,0.0083106111226309,28.004463244324803,27.450712501267404,11.95427814606808,0.0655444101139104,0.2467690103858885,0,0,3
broken_track_0191,broken_track,PCB_TRACK,12.19659088692202,0.317110197166956,0.0037171733202728,30.578406102813748,27.363682996764144,12.06007330151456,0.0546892333976394,0.2141979913874005,0,0,3
broken_track_0192,broken_track,PCB_TRACK,12.047058477434536,0.0515395208080347,0.0130413358317209,30.69187001567663,27.650704108636745,12.1360168130828,0.0905153253273796,0.2849584531046617,0,0,3
broken_track_0193,broken_track,PCB_TRACK,11.667214505107337,0.4418777779313463,0.0174772912262147,27.43074899149264,24.055821946712364,12.028802836830549,0.0278037226463121,0.2444853537557488,0,0,3
broken_track_0194,broken_track,PCB_TRACK,12.061734857874642,0.1058596830997975,0.0156048351180718,29.61114940561235,29.951646674577127,12.000885770366889,0.0292237966543146,0.2977872272211138,0,0,3
broken_track_0195,broken_track,PCB_TRACK,11.959444290129632,0.0610219856807331,0.0167601968298716,32.19881504100502,27.917503742041596,12.215912115460329,0.1045657364305674,0.1619544095833648,0,0,3
broken_track_0196,broken_track,PCB_TRACK,11.905431231872178,0.3637082407992743,0.0060992805930611,29.470538619949973,26.88167232988158,11.953969323742564,0.1515124846984783,0.1619963153710646,0,0,3
broken_track_0197,broken_track,PCB_TRACK,11.939280693086957,0.3132804697174807,0.0179869864661081,29.289379606568467,26.690460448752106,11.948939150070242,0.1039957631870018,0.2320930061925657,0,0,3
broken_track_0198,broken_track,PCB_TRACK,11.851820113479034,0.2723037939579864,0.0104275666481979,24.568583362723743,26.14214703507854,11.949587132634834,0.0963571155579472,0.3889278795503996,0,0,3
broken_track_0199,broken_track,PCB_TRACK,12.035725695920943,0.1159228110101375,0.0111031540215358,27.29582450509224,28.649516479067085,12.058056768703562,0.1604615323611969,0.1975713504329974,0,0,3
broken_track_0200,broken_track,PCB_TRACK,12.245844079139976,0.2908022662536191,0.006462802275939,32.41971133149693,28.653989026540195,11.916487549602776,0.1826456525615211,0.4077777585198445,0,0,3
wrong_resistor_0001,wrong_resistor,R1,11.995046210442066,4.074087434906101,0.1165525008509267,34.4294634550354,34.55571331006103,12.057048733086358,9.530516962541531,4.574502942576107,1,6,4
wrong_resistor_0002,wrong_resistor,R1,11.953074529042272,4.457729834591727,0.1142387440329744,33.862045916021785,31.7728748704191,11.99441478173472,9.386784044761336,4.536213507795174,1,6,4
wrong_resistor_0003,wrong_resistor,R1,11.89006109428372,4.014941936862823,0.1624198713169022,34.955695129308666,27.229772602613927,11.94347412607896,8.956403198731383,3.962327326646186,1,6,4
wrong_resistor_0004,wrong_resistor,R1,11.529222800064892,4.165752605576515,0.0971611636167737,33.119810513592874,28.74975748223495,12.008291185317203,9.3755251165639,4.575488241297149,1,6,4
wrong_resistor_0005,wrong_resistor,R1,12.211703529261843,4.3963364007525705,0.1134677243867757,36.970760790520586,28.89392944432036,11.859644137043636,9.47486507003328,4.76350952723028,1,6,4
wrong_resistor_0006,wrong_resistor,R1,11.969649163969487,4.15418868919768,0.0911617928777638,34.891859170540755,33.906352508658706,12.07890752013999,9.31123379814579,4.0233233079067485,1,6,4
wrong_resistor_0007,wrong_resistor,R1,11.806031662439256,4.220968125440233,0.0983918534144299,30.645166989501423,31.15261856617865,11.95108438248158,9.338606441353411,4.316611149210066,1,6,4
wrong_resistor_0008,wrong_resistor,R1,12.011857170322545,4.127960992372221,0.1236602585662296,31.016945917790736,32.21055724781936,12.015060249284463,9.049085942192756,4.44892343859259,1,6,4
wrong_resistor_0009,wrong_resistor,R1,11.86778494421595,4.222577449801609,0.1432882348107054,34.85135351542774,32.06866677713767,11.963750099711794,9.78425357257267,4.368673744452155,1,6,4
wrong_resistor_0010,wrong_resistor,R1,11.90724524699338,4.001276588249578,0.07855289636608,33.30806368336717,31.834604509963203,12.113619137464257,9.60771652804411,4.5335572985431725,1,6,4
wrong_resistor_0011,wrong_resistor,R1,11.895395365812574,4.484537582741905,0.1094216724179068,34.55519212358455,29.082483214938613,12.023513529936618,8.904593617566228,4.133215628514561,1,6,4
wrong_resistor_0012,wrong_resistor,R1,12.066053099081689,4.069757862192226,0.0989912474248806,34.69223693859187,31.79307442030615,11.951042935296933,9.512568776346283,4.859167285486397,1,6,4
wrong_resistor_0013,wrong_resistor,R1,12.173025427467232,4.49064341704696,0.1287109263798472,33.332970545154296,27.20783542333917,11.932101965353686,9.355827676039258,3.731276983988117,1,6,4
wrong_resistor_0014,wrong_resistor,R1,11.826387631467686,3.7047908822693416,0.1192335232860525,34.63753194169763,34.213549037248654,12.041478446207924,9.21098109764043,3.7169837103700094,1,6,4
wrong_resistor_0015,wrong_resistor,R1,11.736469695089776,3.882754355686376,0.1022228060392865,32.68050300401683,29.971671563746064,12.033897589366829,9.43031794916016,4.202636427935256,1,6,4
wrong_resistor_0016,wrong_resistor,R1,12.17103758290068,3.904942066449908,0.1283740915658473,32.972053543047856,31.33302743806061,12.088525632086595,9.763704246367102,3.963377301002893,1,6,4
wrong_resistor_0017,wrong_resistor,R1,11.97267591242131,4.270302920646016,0.1145398650395483,34.1700426645756,32.56238403582055,12.1832561240356,9.040916259221063,4.169391002563151,1,6,4
wrong_resistor_0018,wrong_resistor,R1,11.863724623273171,4.351026863859762,0.0876565621990891,33.69262542044977,30.73990313730332,11.926583813387898,9.066050538937796,4.083731013449749,1,6,4
wrong_resistor_0019,wrong_resistor,R1,12.16267507954364,4.193702829117631,0.1325536083574894,36.32928364393255,32.52751116964515,11.944120042793768,9.640175664554835,4.063925963421427,1,6,4
wrong_resistor_0020,wrong_resistor,R1,11.924336597505423,3.820026800095254,0.1385251498216878,32.22799484870112,32.36419649163172,11.896403807139336,9.630784288914642,4.009514690466229,1,6,4
wrong_resistor_0021,wrong_resistor,R1,11.978743691744729,4.419456507809782,0.1358151862446505,32.95593985496612,28.463737934586565,12.299281057006064,10.02375769108194,4.380668706222075,1,6,4
wrong_resistor_0022,wrong_resistor,R1,11.887019432761354,4.171601959574509,0.1091315914044696,35.527711878192775,32.52500578170367,11.921583614164016,9.358773470262566,4.480297035642477,1,6,4
wrong_resistor_0023,wrong_resistor,R1,12.24001467702307,4.582082890871561,0.1351406413010795,32.494750262394724,25.51697234934176,12.02971600238082,9.499451372346767,4.234995524080339,1,6,4
wrong_resistor_0024,wrong_resistor,R1,12.00808460205498,3.868434459512711,0.1311481711370237,34.2644326280637,33.36467756411932,12.094657700357338,9.681215493476486,4.097492647115272,1,6,4
wrong_resistor_0025,wrong_resistor,R1,11.989374472812589,4.2227812168133445,0.1221539889821323,34.99643531194346,33.287337506044985,12.207734343956997,10.161940693965402,4.219912395653481,1,6,4
wrong_resistor_0026,wrong_resistor,R1,11.424501667731096,4.509208116531817,0.1091924732202589,31.397032156337985,31.203109450021262,11.95533569531854,9.683680943031618,3.810141055218444,1,6,4
wrong_resistor_0027,wrong_resistor,R1,11.83834188813126,4.285789638549354,0.1324588806082661,34.283083289872025,30.425927442133403,11.902173435073376,9.348009549863624,4.2599681880711815,1,6,4
wrong_resistor_0028,wrong_resistor,R1,12.222821605390882,3.6881407035573126,0.1155854248608326,30.334643117949597,28.69551464529302,12.09669566453448,9.6633873723498,4.312358378986816,1,6,4
wrong_resistor_0029,wrong_resistor,R1,12.138153875959649,4.080070275808466,0.1113472496733294,37.371461233445146,31.50685789148085,12.073513211305409,9.501914462288994,3.737935367480397,1,6,4
wrong_resistor_0030,wrong_resistor,R1,11.69330564942981,4.055253945015024,0.1411220250333997,34.57658331327201,33.828154328448065,11.901295382106367,9.984761747036696,3.958776674953404,1,6,4
wrong_resistor_0031,wrong_resistor,R1,12.031923659800496,4.197411927523066,0.1165225235937082,35.67718427659121,30.58977895966808,11.865039474428809,9.505998645861926,4.100043316428368,1,6,4
wrong_resistor_0032,wrong_resistor,R1,12.506607437862396,4.369126869109994,0.1118131884956275,30.887776861625827,28.23942317886243,11.897478091426256,9.53448253152774,4.556832162898693,1,6,4
wrong_resistor_0033,wrong_resistor,R1,12.168253371358189,4.257273707911595,0.1135366466859503,33.53762471282431,30.962724005030847,12.171836399576389,9.443242945617476,4.178415535438319,1,6,4
wrong_resistor_0034,wrong_resistor,R1,11.6676266362469,4.151141288369309,0.1367296827592988,30.86455484592291,30.498559331014373,12.079271101773369,9.057002832944583,4.46445025188548,1,6,4
wrong_resistor_0035,wrong_resistor,R1,11.920178416474034,4.1028579448772,0.0975224318974881,33.756092520855766,36.91974397005876,12.078149723946064,9.24071442141784,4.483905146372869,1,6,4
wrong_resistor_0036,wrong_resistor,R1,11.952498068109865,4.54362124535689,0.1361335280432872,27.11371686905653,29.991840734089944,12.09443852228354,9.545497181643505,3.944061013073037,1,6,4
wrong_resistor_0037,wrong_resistor,R1,11.904961572675928,3.723440844977655,0.118232534249472,37.42137945203153,33.60986678146465,12.219041700118842,9.764719126936994,4.456869835838173,1,6,4
wrong_resistor_0038,wrong_resistor,R1,12.296111803161754,4.2943158148355565,0.1162554535698623,35.065315033244026,34.90768047424377,11.95200353572878,9.283529275297992,4.23471400810772,1,6,4
wrong_resistor_0039,wrong_resistor,R1,12.12472483003975,4.399522762165391,0.091516647996248,36.82321213412664,30.7176701412063,11.97349350031114,9.229203692003654,4.874582208984272,1,6,4
wrong_resistor_0040,wrong_resistor,R1,12.036310600543196,3.987256229829609,0.1372784709992489,34.53827155862007,31.624545952840236,12.08406067127834,9.25241241175074,4.076770431262687,1,6,4
wrong_resistor_0041,wrong_resistor,R1,11.69846750181509,3.8690122289451097,0.1561526161134137,36.28285725544463,32.13157729729792,12.166293144718985,9.451977654017508,4.139147424358023,1,6,4
wrong_resistor_0042,wrong_resistor,R1,12.008476597269834,4.168769601169108,0.1156960735287963,35.2867962142991,32.3002713079124,12.07124817644338,9.8094141575832,4.297046448913684,1,6,4
wrong_resistor_0043,wrong_resistor,R1,11.854459301113764,3.8617835277589903,0.1229756126961461,32.657487390350134,32.17478285784024,11.99839459607514,10.27507209804997,3.8674434360896655,1,6,4
wrong_resistor_0044,wrong_resistor,R1,11.701508059526832,4.283094208379903,0.112471548908236,33.632135739459905,33.167766044568005,12.12841046951789,9.04783225388482,4.06082052553571,1,6,4
wrong_resistor_0045,wrong_resistor,R1,12.064314188832114,4.392615898921807,0.1638689910057677,34.91140794222773,31.886422808227447,11.910956424705734,9.330713044184296,4.051824294260723,1,6,4
wrong_resistor_0046,wrong_resistor,R1,12.098285044277064,4.264249361396458,0.0935270085831564,32.12819706181914,33.75509510690284,12.035166235497408,9.670593384803832,4.295730427514316,1,6,4
wrong_resistor_0047,wrong_resistor,R1,12.243964610191329,4.259010765956092,0.112279544042586,31.16848991773288,32.49921891641942,11.755929598522492,9.444713299450186,4.148540035019664,1,6,4
wrong_resistor_0048,wrong_resistor,R1,11.795329371957408,3.967933540336001,0.1361931506029648,33.46142349814993,32.20357666741465,12.030634753393205,9.527788276384676,4.5107156407145785,1,6,4
wrong_resistor_0049,wrong_resistor,R1,12.018514377255547,3.835446721545313,0.1526025992974882,33.74068053465769,30.821492538409863,11.8746598281705,9.618774266287414,4.170706998756407,1,6,4
wrong_resistor_0050,wrong_resistor,R1,12.236122017904862,4.113523179833293,0.1032523842063506,34.79159243647186,33.850563785433664,12.01686513676102,9.702907114302471,4.190578219814441,1,6,4
wrong_resistor_0051,wrong_resistor,R1,12.035079765151387,4.491247720640981,0.13250636668043,32.66145112333475,34.7047250918523,11.763514462720847,10.11562199342658,3.773510226277317,1,6,4
wrong_resistor_0052,wrong_resistor,R1,11.905936076284156,4.1897706162012325,0.1170703865854367,35.01282208005311,29.88432676277953,12.026076681748306,9.326536370534074,4.273785244834355,1,6,4
wrong_resistor_0053,wrong_resistor,R1,11.99028416103032,4.223233913170745,0.109001503350713,31.979872099807835,32.57454502805486,12.094371550575604,9.320516199740643,3.982808113856773,1,6,4
wrong_resistor_0054,wrong_resistor,R1,12.092019024850776,4.191874026735578,0.136609962679719,31.188405573257704,28.441122149153134,11.946699591817367,9.270094217220496,4.180302899979925,1,6,4
wrong_resistor_0055,wrong_resistor,R1,11.904473217859442,4.385254237834112,0.1142369947515496,33.3009489975478,32.315269116881886,12.01949550924122,9.492761266863509,4.327650172602579,1,6,4
wrong_resistor_0056,wrong_resistor,R1,11.880651729926129,4.549854481663471,0.1152692523326292,30.37690172420264,32.376146713983545,11.914881951755252,9.699600360352662,4.752401394010595,1,6,4
wrong_resistor_0057,wrong_resistor,R1,11.882014186266325,4.283093083305997,0.0848898882259074,33.90781045888269,30.22857240040062,11.937516538156553,9.169614053048052,4.383037806513684,1,6,4
wrong_resistor_0058,wrong_resistor,R1,12.15109565362099,4.205846303664627,0.1027114658932856,36.179046072207726,30.49917974449069,11.783796770007257,9.63751670298712,3.923806331589621,1,6,4
wrong_resistor_0059,wrong_resistor,R1,12.148291319024876,4.104715575831645,0.1320742648108839,35.80300069310432,29.582282270758554,11.94340628691076,9.477298678202882,4.584387829758586,1,6,4
wrong_resistor_0060,wrong_resistor,R1,11.901242592308932,4.051374076012748,0.1295628115111161,31.84554254857886,32.305051765795234,11.844846257903187,10.16429898276698,3.863072692422649,1,6,4
wrong_resistor_0061,wrong_resistor,R1,11.95173709440147,4.191879741039476,0.1582537626871359,30.35030843813452,35.967408270957506,12.075717682110202,9.625128597326974,3.953841578245511,1,6,4
wrong_resistor_0062,wrong_resistor,R1,12.085671186305712,4.0191283443950505,0.1453332250639682,31.05787594178453,31.773683011087837,11.944472691198683,9.2037431112719,4.385329954226979,1,6,4
wrong_resistor_0063,wrong_resistor,R1,12.080318812111445,4.50225254972525,0.0844024978358366,35.12834140468209,37.010897810713786,11.954835891082306,10.068544583632692,4.134209681985044,1,6,4
wrong_resistor_0064,wrong_resistor,R1,11.794138539365804,4.123591889398301,0.1409640793535055,31.323647035336936,30.799322681987025,12.059353943229318,9.500918035021572,4.346155738121685,1,6,4
wrong_resistor_0065,wrong_resistor,R1,12.035674431113751,4.3199063298878935,0.1113539762838091,33.463461884060784,30.145253988608133,12.128843362250338,9.309717584954806,4.482211871887348,1,6,4
wrong_resistor_0066,wrong_resistor,R1,11.96495895585257,4.250499752689331,0.1101007089821859,30.96800913766394,28.5104792247894,11.894467584140754,9.402827344035224,4.252969794707221,1,6,4
wrong_resistor_0067,wrong_resistor,R1,12.15155689699249,4.088560635050788,0.1023607847146565,30.114570427994572,32.96012723580821,12.138319451532936,9.879899080386886,4.37748318703681,1,6,4
wrong_resistor_0068,wrong_resistor,R1,12.09578149759014,4.624405944927336,0.1266416292283362,34.29225935204834,31.358432276296003,11.863795662914525,9.294845329850126,4.197710240366336,1,6,4
wrong_resistor_0069,wrong_resistor,R1,12.009117805875196,4.681571463713849,0.1216255433518213,35.35768688805129,31.129845516847368,11.968832411423476,9.101297708832966,4.014417996780857,1,6,4
wrong_resistor_0070,wrong_resistor,R1,12.079047208704562,4.2018900450985335,0.1388587723979446,33.3625078966901,31.29509253672452,12.214829686378696,9.471828929386088,4.490750242426326,1,6,4
wrong_resistor_0071,wrong_resistor,R1,11.9398186190183,4.377399869845892,0.1385603131830337,33.41698394115116,27.291034154606795,12.00182524608561,9.869138014327993,4.331870208256933,1,6,4
wrong_resistor_0072,wrong_resistor,R1,12.066875831284388,3.769435766510621,0.1055908985864988,33.82271526230288,32.82076655357378,12.12146667801329,9.456539973456172,4.301456021668454,1,6,4
wrong_resistor_0073,wrong_resistor,R1,12.002456136289696,3.953264315874611,0.074884173378105,33.86201938426015,32.347894416825625,11.938182495789984,9.01424808304524,4.357434878602184,1,6,4
wrong_resistor_0074,wrong_resistor,R1,11.960111988870668,4.339218680592037,0.1572809706082351,28.71713823936059,30.600798382595272,11.979062438668809,9.936447852243996,3.790899245198379,1,6,4
wrong_resistor_0075,wrong_resistor,R1,12.29037915385209,4.233963975391573,0.1180799867653228,32.603880473562185,31.12747393563994,12.104811675926916,9.179443773775269,4.286353545410964,1,6,4
wrong_resistor_0076,wrong_resistor,R1,11.942372750143951,4.009466637871475,0.1717195035136779,33.83810146950692,33.226531089322286,12.113777678066866,9.073595016404436,4.638072977280508,1,6,4
wrong_resistor_0077,wrong_resistor,R1,11.62365642322574,4.00780839749037,0.1108193665364219,34.163446729941015,32.43743653228297,11.98331852593016,9.496400796611685,3.9554942441193583,1,6,4
wrong_resistor_0078,wrong_resistor,R1,11.775415140827374,4.381627905584015,0.1338741222507237,36.168988750314114,30.419965806369586,12.069281521030092,9.41488798149058,4.497618746298371,1,6,4
wrong_resistor_0079,wrong_resistor,R1,12.15329441650172,4.252802349806115,0.1132093968666802,34.92186435721652,33.29380904651313,11.931555959791382,9.10166039795617,4.127866774829551,1,6,4
wrong_resistor_0080,wrong_resistor,R1,12.227312072302231,4.48662178968326,0.0977534506065883,30.66448516820016,34.549367699358974,11.886436409524215,9.652788597092602,4.04598219616592,1,6,4
wrong_resistor_0081,wrong_resistor,R1,12.242556738678251,4.007393800215531,0.1428672306041165,33.36971730812073,32.50438970846857,11.80296914186486,8.839125994038284,4.144858514933172,1,6,4
wrong_resistor_0082,wrong_resistor,R1,12.037035909512491,3.918700543065569,0.0982261317904731,34.12294525965227,33.12570896091426,11.986225893961208,9.734060516355822,3.906449426069964,1,6,4
wrong_resistor_0083,wrong_resistor,R1,11.946609762436957,4.611969401445919,0.1213664425987963,33.252625029174,36.61189317193548,11.860065783415124,9.738929109992633,4.615996569952025,1,6,4
wrong_resistor_0084,wrong_resistor,R1,11.951271311025218,4.414907696713712,0.1003596100557819,31.626535208865292,32.76993283209527,12.07985666731106,9.836280953721872,4.592407146734874,1,6,4
wrong_resistor_0085,wrong_resistor,R1,11.989883016216725,4.498402938793147,0.113153903131017,34.80418262317654,32.414977595704364,12.044567790708191,9.62705236220661,3.7988237475505473,1,6,4
wrong_resistor_0086,wrong_resistor,R1,11.831381721170883,4.2256353599543806,0.0862544184071766,34.66242220639951,33.743111932576284,12.03271705528778,9.163659796172624,4.545034734717129,1,6,4
wrong_resistor_0087,wrong_resistor,R1,12.305581595957754,4.236769206861494,0.1302107075690247,33.40347730959209,33.0607383779976,11.98804412433736,9.489630728046858,4.426429400124341,1,6,4
wrong_resistor_0088,wrong_resistor,R1,12.351843624284466,3.849982191399565,0.1179237503119406,30.63907902953584,35.18404979715217,11.94122620306801,9.067039761864262,4.359546749712144,1,6,4
wrong_resistor_0089,wrong_resistor,R1,12.261646667211467,4.365899467140191,0.1240959575456383,33.81828184555199,34.82968132565111,11.912580072998583,9.466445868774104,4.086827462872617,1,6,4
wrong_resistor_0090,wrong_resistor,R1,11.824820203906244,4.1179061851458,0.1421544219196489,34.13320429678545,33.2886210002164,12.014647561165331,9.656997134818576,3.999852414412974,1,6,4
wrong_resistor_0091,wrong_resistor,R1,11.953573517110916,4.24800105924217,0.1255503171776378,33.640375709843745,31.723329435967244,11.962257659886967,10.447331384913287,4.4266968182331,1,6,4
wrong_resistor_0092,wrong_resistor,R1,12.061972121392891,4.1416978754484015,0.1109756234611224,32.73839881254609,32.58565768717337,11.811956445593692,9.029183121387597,4.040779402765261,1,6,4
wrong_resistor_0093,wrong_resistor,R1,12.031070915516786,4.140181713212037,0.1495624245219896,30.03520642600846,30.49730906079326,12.15200917409911,9.539335797402543,4.42121064570029,1,6,4
wrong_resistor_0094,wrong_resistor,R1,12.30768704149042,4.026548895524544,0.1180137132441593,32.45514619813826,28.09081399103345,11.968960319624404,9.7643186562142,4.335147385453061,1,6,4
wrong_resistor_0095,wrong_resistor,R1,12.092862475408202,4.106122754840126,0.1068780552798871,35.53851134379724,31.00536570728466,12.02940820387932,9.549000404203262,4.56542925406428,1,6,4
wrong_resistor_0096,wrong_resistor,R1,12.145711853650852,3.87618534483322,0.0962489366644991,34.15781963613827,31.871324705241665,11.954482821604625,9.80468836519834,4.246864845522228,1,6,4
wrong_resistor_0097,wrong_resistor,R1,12.007868608033416,4.3949571601887625,0.1124978201011287,36.13703797094511,30.423904753533986,12.065692906634208,9.930149851597951,3.855676127681975,1,6,4
wrong_resistor_0098,wrong_resistor,R1,11.948499723622133,4.485551848221389,0.1431448909546205,32.65700879922352,30.53065781264628,12.095593582233075,9.85506473077448,3.908834162871901,1,6,4
wrong_resistor_0099,wrong_resistor,R1,11.819412952655044,4.2563141704959,0.1325872126685778,32.40186182953989,33.358587639964696,11.928986339316262,8.865591920277879,4.094024731916851,1,6,4
wrong_resistor_0100,wrong_resistor,R1,12.009484821976963,4.131040010025886,0.0968279347268102,29.36870204824237,30.971822391264205,12.089765577164975,9.876859231824104,4.496928346034614,1,6,4
wrong_resistor_0101,wrong_resistor,R1,11.877613569727718,3.9115734190924094,0.1299326922995979,34.27020002319585,32.80033921040099,11.798593672576224,9.23993462453496,4.192577802428506,1,6,4
wrong_resistor_0102,wrong_resistor,R1,12.073082729194564,4.391826840650622,0.1228850704456408,33.66156761307647,32.16973091672221,12.068561937421848,9.593859695447271,4.216434415011822,1,6,4
wrong_resistor_0103,wrong_resistor,R1,11.959744680129392,4.22032285626062,0.1296918275767855,33.53495077779612,32.76165283669051,12.13427218613512,9.579549176823976,4.037750369881711,1,6,4
wrong_resistor_0104,wrong_resistor,R1,12.132541017899126,3.858450415582771,0.0983717323852142,33.67169452944014,33.03279333557316,11.8754948776496,9.385154755703976,4.048479041945085,1,6,4
wrong_resistor_0105,wrong_resistor,R1,11.92699855156776,4.435899444068236,0.134130109270945,32.96175564029259,30.908076145770146,11.865035032977984,9.926055481634585,4.34802847507123,1,6,4
wrong_resistor_0106,wrong_resistor,R1,11.89399963438903,4.379899874406223,0.1185955275885074,32.425780990275314,32.870423056579206,11.925850175008728,9.396873044146966,4.230365266049887,1,6,4
wrong_resistor_0107,wrong_resistor,R1,11.92508232106722,4.3672713025668815,0.1573813300735652,31.491403734785717,28.66974940739191,11.799825983252374,9.454859557551506,4.034208852468455,1,6,4
wrong_resistor_0108,wrong_resistor,R1,12.031179075160065,4.233149418006525,0.087935663067718,29.370232341037187,32.59186648069219,12.013542883471995,9.372254600490034,3.785714103716924,1,6,4
wrong_resistor_0109,wrong_resistor,R1,12.070708689414747,4.517974886355986,0.1255596488043784,31.30505221886987,32.0891043311423,11.86338859190663,9.817388214151638,4.220461083632385,1,6,4
wrong_resistor_0110,wrong_resistor,R1,11.734776463237017,4.12483140988908,0.1292660302046846,32.33390475804895,31.448208557119653,11.877559779295272,9.669962296124496,4.037882699995216,1,6,4
wrong_resistor_0111,wrong_resistor,R1,11.676533193449243,4.107185657332402,0.139622994311407,32.22614110680011,35.47596997024704,12.042896794854853,9.601627448684107,4.167900433520598,1,6,4
wrong_resistor_0112,wrong_resistor,R1,11.989757068835356,4.134144091220124,0.1139546121583494,34.0617343241343,30.12833754041887,11.892410617127574,9.163041484737386,4.711413636919289,1,6,4
wrong_resistor_0113,wrong_resistor,R1,12.079551435250586,4.276123050420036,0.0988497065941313,34.246684601349656,31.766857307093343,12.021416894113177,9.207013905240933,4.2400672143543945,1,6,4
wrong_resistor_0114,wrong_resistor,R1,11.936424969269028,4.008597210742453,0.1346821267161449,29.924584382939997,33.1295525286283,12.0684486133553,9.236106897334627,3.9949178847168834,1,6,4
wrong_resistor_0115,wrong_resistor,R1,11.96654614781004,4.270509052615555,0.1169429001637154,33.86712492038376,35.5259593050748,11.949228323085029,8.985446008788974,4.406480895757664,1,6,4
wrong_resistor_0116,wrong_resistor,R1,12.25249718638913,4.2981920907627815,0.0982450264929266,32.7522152735296,29.762953031576732,12.064285549396295,9.09461287919047,4.12496780329295,1,6,4
wrong_resistor_0117,wrong_resistor,R1,11.849349326055917,4.231706171283741,0.1126731664572448,33.35352420650053,32.04470110993273,11.90133409722759,9.688063119058707,4.187808587039221,1,6,4
wrong_resistor_0118,wrong_resistor,R1,11.851720648820114,4.760231639051448,0.1295286033343425,32.69347889320139,34.83040905340365,12.18418156093866,9.456395173305834,4.286849371608691,1,6,4
wrong_resistor_0119,wrong_resistor,R1,11.85179957729956,4.163201812307998,0.1160187489248026,33.36965406724331,32.66552095727402,12.055982844882806,9.571292796889988,3.897314343342709,1,6,4
wrong_resistor_0120,wrong_resistor,R1,11.859229934138837,4.063398095134082,0.1143551881615354,35.101548580944225,29.67412202629417,11.96425849518293,9.785902849464216,4.125030631375847,1,6,4
wrong_resistor_0121,wrong_resistor,R1,12.069062347476423,4.165114489268024,0.1251356651464944,32.54305491238092,33.33413094545671,11.845494359259355,9.391006397483435,4.274143169173577,1,6,4
wrong_resistor_0122,wrong_resistor,R1,12.080054287200928,4.573238155688457,0.1121795066626884,35.95896352372175,30.68195234668066,12.132864641154464,9.745240138009512,3.971635355091944,1,6,4
wrong_resistor_0123,wrong_resistor,R1,12.046055885587773,4.187191041116952,0.1325116918735,32.55345682313338,31.385507548676536,12.136909458276286,9.4703837316633,4.406605581047942,1,6,4
wrong_resistor_0124,wrong_resistor,R1,11.96619727724337,4.616665814806881,0.1064333074132901,31.77171293750563,35.04903436223181,11.955505360910475,9.980322291849316,4.422960144898704,1,6,4
wrong_resistor_0125,wrong_resistor,R1,11.976802544015875,3.746676631995711,0.1196136339145632,33.203260107066846,34.334435466608745,12.158844717624012,9.294503846256877,4.400295440997046,1,6,4
wrong_resistor_0126,wrong_resistor,R1,12.114810323402002,4.468353175602611,0.1299737982427108,29.115004618076465,31.68915513494448,11.88442924250831,9.439218268124575,4.445001059033474,1,6,4
wrong_resistor_0127,wrong_resistor,R1,12.045772625381248,4.487022716599358,0.1268350784142707,30.403348120662194,26.95830598685453,12.01488087616796,9.435822060094653,3.9557635651545295,1,6,4
wrong_resistor_0128,wrong_resistor,R1,11.744905912552293,4.016314196631823,0.1161101703027044,34.33175564741278,32.37726216313596,12.160806724717274,9.189318783186382,4.420264723014358,1,6,4
wrong_resistor_0129,wrong_resistor,R1,12.00709481146931,4.373667281029646,0.1112697027346891,35.14336074778118,32.590449516690484,11.932055501508223,9.496392791326045,4.1401110352657255,1,6,4
wrong_resistor_0130,wrong_resistor,R1,12.073376752595667,3.905055812656373,0.1194129659576861,33.79061450529866,32.06604661438607,12.1346941244389,9.732206832221316,4.198129800814813,1,6,4
wrong_resistor_0131,wrong_resistor,R1,12.03250336462465,4.2739163878705,0.1280659920833364,29.348684008670784,31.396947408461305,11.851556093180657,9.883484284237849,4.184787619999268,1,6,4
wrong_resistor_0132,wrong_resistor,R1,11.970998857548055,4.424199333008309,0.1284464959489974,30.742730971241585,31.85818927494526,11.96648330267736,8.976640133418183,4.027430941690699,1,6,4
wrong_resistor_0133,wrong_resistor,R1,11.97246895169753,4.171262267127039,0.0903553715264538,35.30333116609495,31.79579388221712,12.003755307666056,9.620192491501951,4.002980936524082,1,6,4
wrong_resistor_0134,wrong_resistor,R1,12.068453395969904,4.108231338495455,0.1020682891870561,34.1468949867108,34.983347717603614,12.072482937348584,9.776893269542128,4.069842348359425,1,6,4
wrong_resistor_0135,wrong_resistor,R1,11.760357040624733,4.57253438052496,0.1610902977880952,36.08561354753937,31.3284281220405,11.884536566127116,9.18029519065413,3.779066858096488,1,6,4
wrong_resistor_0136,wrong_resistor,R1,11.983893207238491,4.601419489520614,0.1171667473625551,33.60464580069655,34.751193928608416,11.95959046881676,10.110659437015878,4.698023601874364,1,6,4
wrong_resistor_0137,wrong_resistor,R1,11.980333299197929,4.055616433995197,0.1339447609278062,32.30495011496228,29.68688956586533,12.1281238653523,9.864934216183125,4.23887790094089,1,6,4
wrong_resistor_0138,wrong_resistor,R1,11.810570286940774,3.8926184371956536,0.122144585768383,32.00025793098994,31.317814135716784,12.102196315506,9.719953795226768,4.544535670124404,1,6,4
wrong_resistor_0139,wrong_resistor,R1,11.85140651649341,4.114202107828322,0.1351796339092022,33.89615668202578,35.064760765175244,12.042053670590407,10.054432731231666,4.335004450430786,1,6,4
wrong_resistor_0140,wrong_resistor,R1,12.1593251171383,4.119121263303886,0.1202857442376797,34.82188880767895,35.225956341186105,12.072923694931076,9.475048468419612,4.544333757382086,1,6,4
wrong_resistor_0141,wrong_resistor,R1,11.671203201558018,3.844441374623282,0.1336326844733677,33.02821671250625,33.21102730224833,12.006440752243194,9.671283708381162,3.9963992947517024,1,6,4
wrong_resistor_0142,wrong_resistor,R1,12.085572912911951,4.4486036320518965,0.1444110120786246,37.0271085892974,32.488196887004776,12.027391108684718,9.043048260747844,4.067147149715394,1,6,4
wrong_resistor_0143,wrong_resistor,R1,11.971037688899008,4.462579888069089,0.1077799775182074,34.592680039497665,31.99675656607324,11.982283188488523,9.574668190739978,4.102210906936789,1,6,4
wrong_resistor_0144,wrong_resistor,R1,11.9356444127861,3.773803523552472,0.1150409158534422,32.040063707702544,30.96803802130184,12.041687306259004,9.697589585837154,4.258048626160582,1,6,4
wrong_resistor_0145,wrong_resistor,R1,12.149312278567422,4.343890481457591,0.1140988762038871,32.07428742857124,32.62564447353369,12.05737671099019,9.919353292109449,4.497793261235024,1,6,4
wrong_resistor_0146,wrong_resistor,R1,11.918779049023923,4.174498429968184,0.1334203560983554,35.13599555611795,33.87793893740958,11.993612216716866,9.123793204271443,3.9502659059386014,1,6,4
wrong_resistor_0147,wrong_resistor,R1,12.040895027147911,4.285556394856086,0.0980264125313122,33.089139221778545,33.26244871394356,11.884877334249284,9.831499160541323,4.105617212860044,1,6,4
wrong_resistor_0148,wrong_resistor,R1,12.188641966886498,4.066636888556025,0.0994674903423164,32.08372602031656,31.80970375384536,11.961152009322852,9.435199573528068,4.283491287419047,1,6,4
wrong_resistor_0149,wrong_resistor,R1,11.97432309453054,4.183471901511998,0.085815472015948,33.783396032020946,31.821593404616664,12.161029298048287,9.218130449823812,3.7479261678751215,1,6,4
wrong_resistor_0150,wrong_resistor,R1,12.092710274089509,4.28663175457825,0.099831339589377,29.940502089991817,35.07479346136858,12.141411039060678,8.753762972388161,4.085444242685875,1,6,4
wrong_resistor_0151,wrong_resistor,R1,12.249628808217585,4.080984360555534,0.1101877553194669,32.434481344741265,29.75820605246368,11.829522425577196,9.815764193220424,3.739265773438081,1,6,4
wrong_resistor_0152,wrong_resistor,R1,12.037090717816314,4.421644873189413,0.0909754740219768,31.151463194809857,34.42635837678318,12.053289172022703,9.314814287936334,4.500562250840293,1,6,4
wrong_resistor_0153,wrong_resistor,R1,12.180980358518145,4.267263173253927,0.1019967954425267,32.17310259305641,32.57277348791078,11.981140517085253,9.781687153470456,3.817556479972666,1,6,4
wrong_resistor_0154,wrong_resistor,R1,11.775860470640064,4.245217777870608,0.1101691117238619,31.74590277060452,28.463886561651204,12.00195458447982,9.48417346759977,4.363369745487935,1,6,4
wrong_resistor_0155,wrong_resistor,R1,12.010335919968146,4.166848980439876,0.1435400127358067,30.3750653931029,33.07277843769515,11.832885283520463,9.24849143599976,3.896835716844172,1,6,4
wrong_resistor_0156,wrong_resistor,R1,12.117291380317788,4.183647441601152,0.1197299351081404,30.786534024541098,31.400613008134226,11.92365346966909,9.615036504456263,3.952227216167097,1,6,4
wrong_resistor_0157,wrong_resistor,R1,12.19946915478076,3.781104887593977,0.1038696033508687,36.35440101993219,31.12972250407593,11.86851213355956,9.5657214687613,4.0811519394463645,1,6,4
wrong_resistor_0158,wrong_resistor,R1,11.874619461657254,3.926032297300321,0.1753674721125188,32.49689619963173,28.148865279334245,12.149370975900553,9.68332127153317,4.008383392245054,1,6,4
wrong_resistor_0159,wrong_resistor,R1,11.86003213669708,4.3683681990395575,0.1150616334502109,29.1480443631098,35.57447992920934,11.956600953778404,9.948671520944728,4.519608739491429,1,6,4
wrong_resistor_0160,wrong_resistor,R1,11.849848568327578,4.458297466090787,0.1069711490027263,29.26659882639212,31.150803667955717,12.039763750177627,9.361179005601098,4.123237914768724,1,6,4
wrong_resistor_0161,wrong_resistor,R1,12.171534906739293,4.226623495072523,0.1031340337743009,34.40406064733465,32.39535113390849,11.747839519853796,9.628505874131434,4.2979571769290255,1,6,4
wrong_resistor_0162,wrong_resistor,R1,12.003018169437128,4.422925145267394,0.1065521283134699,33.672999577641804,28.866081257665293,12.040709038339884,10.085917908661967,3.9512859118831143,1,6,4
wrong_resistor_0163,wrong_resistor,R1,11.886029680201831,4.022496139277112,0.1225999645160319,30.873927454292563,32.842494757381964,12.084683994546916,9.660304164036136,3.7578961435904814,1,6,4
wrong_resistor_0164,wrong_resistor,R1,12.149275149773793,4.43434185356342,0.136603227446926,33.74568449731165,32.440378628410265,12.10323893981264,10.077054046281036,3.961739884158788,1,6,4
wrong_resistor_0165,wrong_resistor,R1,12.161718809369216,4.178445725498137,0.1174065389594279,29.926938619235923,31.43042118096921,11.900273504203158,9.360843671148215,3.925453404055463,1,6,4
wrong_resistor_0166,wrong_resistor,R1,11.932663741903047,4.098472410744149,0.121935098368776,29.770500275417337,29.108963704509357,12.036191427073051,9.26076856487897,4.468632447557483,1,6,4
wrong_resistor_0167,wrong_resistor,R1,12.033790458302256,4.351690537551602,0.1482138464084179,32.38057837638686,30.85102658916745,12.08717025855988,9.652854069178906,4.153167422544675,1,6,4
wrong_resistor_0168,wrong_resistor,R1,12.208718695043393,4.146938922540017,0.1206554727511156,33.042445301668515,30.130812210203057,12.00775853894864,9.919028053219549,4.311242078844044,1,6,4
wrong_resistor_0169,wrong_resistor,R1,12.00465951395984,4.159558179708583,0.126617340568127,34.49953325697837,33.2184776617795,11.966813513817804,9.597434478233035,4.31998493528707,1,6,4
wrong_resistor_0170,wrong_resistor,R1,11.848920751870953,4.242057635295923,0.0767739222739527,33.96506741964237,33.32068610912536,12.074754612578646,9.38148594434913,4.277261708756009,1,6,4
wrong_resistor_0171,wrong_resistor,R1,12.213593076831176,4.553442412072815,0.1194165460154687,33.27863926145912,34.22182228946887,11.849919798473785,9.403077277196893,4.5338926138841895,1,6,4
wrong_resistor_0172,wrong_resistor,R1,12.146280081252716,4.2923159444124765,0.0898833518933875,32.90017953391768,30.820169207500133,12.03310389028172,9.257195994561537,3.943569151256349,1,6,4
wrong_resistor_0173,wrong_resistor,R1,11.690270208347451,4.505451171244175,0.1120045897711388,33.31429156740507,31.99552376705164,11.89325660670395,9.12228052656554,3.9486712185006914,1,6,4
wrong_resistor_0174,wrong_resistor,R1,11.891524734175592,4.291651561753452,0.1040856467295877,36.49298126318924,34.0543020717863,12.08083595496657,9.464102329258054,4.578570183930121,1,6,4
wrong_resistor_0175,wrong_resistor,R1,11.967299155331832,4.192184646461438,0.1233994907949853,34.40364608108669,33.27381615800597,11.95248747215554,9.340101884172212,4.359975739288021,1,6,4
wrong_resistor_0176,wrong_resistor,R1,12.107285487583685,4.101662218794282,0.0882562386064309,32.58536780798351,33.24705159765172,12.18054168464198,9.1406126112978,4.093357186792357,1,6,4
wrong_resistor_0177,wrong_resistor,R1,11.941589465771193,4.538951334857876,0.1193011699908273,31.18534688125547,33.117390565843635,11.959536147995903,9.132683817992614,3.9768066731809615,1,6,4
wrong_resistor_0178,wrong_resistor,R1,12.260106293163393,4.296052305412366,0.1221552011090508,32.500212528375904,32.5842976842376,12.02802359460025,9.587650648462198,4.228711272569439,1,6,4
wrong_resistor_0179,wrong_resistor,R1,12.130319750745832,4.205776086500183,0.1004412232889472,31.775154218198264,28.041962613020576,12.20268171160424,9.758826377585804,3.992482376217691,1,6,4
wrong_resistor_0180,wrong_resistor,R1,11.957723272590435,4.040780881448391,0.1508509442274823,30.160245671458146,32.22895211763756,11.989147215743516,9.748051589212734,4.173997693068826,1,6,4
wrong_resistor_0181,wrong_resistor,R1,11.736268668501683,4.13722054133939,0.1005567556411334,33.15915909311312,34.868354073040656,11.826057475576771,9.25993317938003,4.061826761554126,1,6,4
wrong_resistor_0182,wrong_resistor,R1,11.942755335688018,4.385031416026311,0.1165291116487722,33.83160545144089,30.748453912536448,12.022992434541791,9.733339289263316,4.016925112565728,1,6,4
wrong_resistor_0183,wrong_resistor,R1,12.117203717970977,4.213093192181892,0.140909204809645,32.59716019984605,32.7624893103242,11.995939376832148,9.471136321387826,4.264732607056422,1,6,4
wrong_resistor_0184,wrong_resistor,R1,12.080521120383736,3.887608772018999,0.1486726721763575,29.280673918900405,30.630375780522208,11.99057309292351,9.623706790725784,4.5940431319353445,1,6,4
wrong_resistor_0185,wrong_resistor,R1,11.721256276766232,4.073076467902572,0.0774633302440147,33.063243947820496,32.543367169000064,12.159079574217126,9.536190428268036,4.461006282360595,1,6,4
wrong_resistor_0186,wrong_resistor,R1,12.087575562230858,4.091187950748708,0.0918207850641592,33.55000459658362,29.015795965709277,12.129520707266964,9.451381369388953,4.498794352877854,1,6,4
wrong_resistor_0187,wrong_resistor,R1,11.92796783488014,4.267212696600248,0.1241869771466937,32.90991176397815,31.134680973206816,12.039245601847052,9.222151020955035,3.897641167760236,1,6,4
wrong_resistor_0188,wrong_resistor,R1,12.186424033999025,4.381791997223026,0.1213178321720448,36.33028476508756,31.46446896255031,12.1322703219989,9.552672225477746,3.943812312480903,1,6,4
wrong_resistor_0189,wrong_resistor,R1,12.277206028765628,4.447677711656022,0.1175795793798087,34.4543425190679,31.192593132004188,12.082914903505957,8.782676430414812,3.945049666576352,1,6,4
wrong_resistor_0190,wrong_resistor,R1,12.146888961643045,4.13758611544527,0.1241508458977748,30.30642867576913,35.695733991404204,12.119052964371768,9.439794434487402,4.098826035784168,1,6,4
wrong_resistor_0191,wrong_resistor,R1,12.154440654212952,4.695617612542232,0.139075205116227,37.3436053347932,30.155297341876164,11.91806131695012,9.143317664583996,4.31044016241237,1,6,4
wrong_resistor_0192,wrong_resistor,R1,12.026340532470655,4.162012219132004,0.1361851725624659,35.46465721042933,28.94867518142632,11.940302797209888,9.746043078236918,4.083065329035355,1,6,4
wrong_resistor_0193,wrong_resistor,R1,11.880269088546276,4.454634356912599,0.0942099986055204,32.39684038441779,32.65728805160962,11.942618008608989,9.734946696803952,4.057780756200658,1,6,4
wrong_resistor_0194,wrong_resistor,R1,12.211292924016888,4.168563425626057,0.133425402734107,34.492047905965634,30.744919994511854,11.794651345134412,9.60822672639915,4.218072086781217,1,6,4
wrong_resistor_0195,wrong_resistor,R1,12.08337390413627,4.143368131904291,0.1113914460239856,37.0169460219634,29.055291876978444,12.073395047836424,9.327619442544982,4.116055345564894,1,6,4
wrong_resistor_0196,wrong_resistor,R1,11.952434575113903,3.999141431457186,0.1314244842047247,35.781287191899914,32.94002732249332,12.01033819962121,9.204067850270226,4.329206316456113,1,6,4
wrong_resistor_0197,wrong_resistor,R1,12.323452444759395,4.104826344051227,0.1124803284129626,31.877821738038005,31.02117153101116,11.72547004463276,9.621510615756714,3.988611955911346,1,6,4
wrong_resistor_0198,wrong_resistor,R1,11.75846053218123,4.388297487433137,0.0983596442991612,32.32266189223248,34.93288478237716,11.859078420197548,9.04022052962067,4.267326547390585,1,6,4
wrong_resistor_0199,wrong_resistor,R1,12.172423104601556,3.8064145705670094,0.1281537947367435,34.16199907992338,27.88167903261536,12.07985013379072,9.762981763952654,4.122053606685994,1,6,4
wrong_resistor_0200,wrong_resistor,R1,12.1878519543447,4.484113893581212,0.122062358514344,32.09710921935013,30.054344214834085,11.99624364906338,9.670927675911251,4.11895578473984,1,6,4
solder_bridge_0001,solder_bridge,PCB_SECTION,11.670374849210695,2.4440498631017995,0.4295111610922447,41.48150201329266,40.57147516526987,12.152463859648275,5.599044215256054,2.151992277472725,0,5,2
solder_bridge_0002,solder_bridge,PCB_SECTION,11.786002618378449,2.174688677379629,0.4263963601187289,45.5429061057622,36.50225715651604,11.812675988818086,6.774815904371666,2.142396672298924,0,5,2
solder_bridge_0003,solder_bridge,PCB_SECTION,12.152308849301283,1.5898590448346162,0.4713530213436508,40.40851084141392,39.08734964478358,11.949010604713436,7.091085313856051,2.312157172099596,0,5,2
solder_bridge_0004,solder_bridge,PCB_SECTION,11.81594788840672,1.762032936138609,0.4292481293671043,52.60633464412141,35.41043086349951,12.204013388599693,8.002211651837586,1.965941097254443,0,5,2
solder_bridge_0005,solder_bridge,PCB_SECTION,11.955277121070017,1.757777180467358,0.4165898734833665,37.373122269761765,37.771282948038206,12.149688027385086,6.694457468761641,1.915746493603832,0,5,2
solder_bridge_0006,solder_bridge,PCB_SECTION,11.744828928859912,2.130921730845865,0.4332240842475687,43.25480943906308,37.34951884933357,11.970724208122755,7.250950116850336,1.9899141894439816,0,5,2
solder_bridge_0007,solder_bridge,PCB_SECTION,12.0472457807333,2.075243986109092,0.4761713643547881,45.70797638950022,38.57858552945057,12.151842203065218,7.210134264528281,2.456736941076646,0,5,2
solder_bridge_0008,solder_bridge,PCB_SECTION,12.091041391257995,1.35532832237396,0.4852417381659665,43.54070496537068,37.84413568729767,12.028134834748958,6.827508419021466,2.0794601011361307,0,5,2
solder_bridge_0009,solder_bridge,PCB_SECTION,11.911218590048536,2.445995290557029,0.4143205943189474,41.46966462911027,35.225222552842176,12.026877578914863,7.093553550062546,2.1359486147871274,0,5,2
solder_bridge_0010,solder_bridge,PCB_SECTION,11.84591221687423,1.4395865804159496,0.4512795651253279,48.93856744750603,34.92093913283031,12.15894412835617,7.1419555293681904,1.9975279834072093,0,5,2
solder_bridge_0011,solder_bridge,PCB_SECTION,11.940367695518134,1.5154186932012512,0.4693864257962299,39.89757455424959,35.6605799727872,12.099192630988696,6.058508276664137,1.4667407662661418,0,5,2
solder_bridge_0012,solder_bridge,PCB_SECTION,11.997279863473787,2.1026495501516984,0.4442367323984462,41.792806026414986,45.59110900592507,11.977210744123417,6.884606923948639,1.721054665915143,0,5,2
solder_bridge_0013,solder_bridge,PCB_SECTION,12.01858602247816,2.215236431216371,0.4801789027266729,37.042862942239125,37.2620139849329,12.044670361080914,7.293528767297268,2.0022920302315885,0,5,2
solder_bridge_0014,solder_bridge,PCB_SECTION,12.081363595429815,1.71686263747597,0.4978952716159178,46.97051241191772,33.965216638804485,11.892489695188324,6.476539124946547,2.2372894898137847,0,5,2
solder_bridge_0015,solder_bridge,PCB_SECTION,11.80729083503738,1.884141483027172,0.4427352198208387,42.73533626181426,38.77666254713812,11.893419728865124,7.297427186698623,1.7853758376334012,0,5,2
solder_bridge_0016,solder_bridge,PCB_SECTION,11.95130704884031,2.083206104767095,0.4251539110765424,43.09592007606237,35.74811953406973,11.97004505888008,7.001091795418518,1.5187201683915204,0,5,2
solder_bridge_0017,solder_bridge,PCB_SECTION,11.930620055052993,2.135687957661496,0.3561281698077329,47.62632660637696,41.80883978779953,11.875484942403991,7.67880981652507,1.949746443950753,0,5,2
solder_bridge_0018,solder_bridge,PCB_SECTION,12.06277718387356,1.8261721317551136,0.4661522413613381,44.62437607539467,35.55754023020719,11.883479800003473,6.269848782395389,2.065779621751465,0,5,2
solder_bridge_0019,solder_bridge,PCB_SECTION,12.08587071176696,2.2278379875728045,0.4141009452696311,38.37201417734254,35.95377560592865,12.115234863896193,6.757685717699959,2.050196170738517,0,5,2
solder_bridge_0020,solder_bridge,PCB_SECTION,11.838652427463767,2.1178040659106623,0.3971157719160461,47.18685085510305,40.32067311862044,11.95042940534251,6.936667986326168,1.80710931598578,0,5,2
solder_bridge_0021,solder_bridge,PCB_SECTION,11.787085020518248,1.6998951496584742,0.429910866386041,44.30103799291832,38.44564371077792,11.969826694604135,7.466533302860492,2.0222396665963283,0,5,2
solder_bridge_0022,solder_bridge,PCB_SECTION,12.105488074214392,1.3791787037291183,0.2238799874190828,44.13515211135232,33.72570303883553,11.978754829728697,6.848951479487697,2.555590210845438,0,5,2
solder_bridge_0023,solder_bridge,PCB_SECTION,12.05999948294154,2.058050659379536,0.4618495577316837,44.47399034735616,36.626969021034704,12.107147593025456,6.445124936055863,2.113136515636747,0,5,2
solder_bridge_0024,solder_bridge,PCB_SECTION,11.767864530879551,2.0713803501305983,0.4296494820886464,49.70581984765865,33.305078319674664,11.939911282414618,7.411341213287072,2.1173610397390576,0,5,2
solder_bridge_0025,solder_bridge,PCB_SECTION,12.027045757700623,1.6653525039645114,0.3904590825954285,47.98016403289303,37.84547241873822,12.037535969614447,6.94240583561176,1.585920069662582,0,5,2
solder_bridge_0026,solder_bridge,PCB_SECTION,12.140071563911247,2.176131334586373,0.5352818418683595,38.93767448139782,40.46771876360144,11.8688456033963,7.0786732838365385,2.341777306172108,0,5,2
solder_bridge_0027,solder_bridge,PCB_SECTION,11.689179732585528,1.9282736340154367,0.391839513297869,40.19217080681951,39.15563795677807,12.11206857064226,6.933360642385423,2.071920249646007,0,5,2
solder_bridge_0028,solder_bridge,PCB_SECTION,12.017146312958888,2.000631227224745,0.3655328681143946,47.43377840689157,38.88558610447651,12.039488149000258,6.596745185487209,1.8392728607037656,0,5,2
solder_bridge_0029,solder_bridge,PCB_SECTION,11.973579870343384,1.463056357292902,0.3355982837401161,40.59700827744573,39.56756229932717,11.934686261007004,6.490597401204643,1.7148600213668157,0,5,2
solder_bridge_0030,solder_bridge,PCB_SECTION,11.931698636528203,1.876149363012964,0.5282760726103278,47.21848251394928,41.07432233684519,12.116858036427338,6.500589565332975,1.5721723847544662,0,5,2
solder_bridge_0031,solder_bridge,PCB_SECTION,11.833969456269893,2.467077146668243,0.3926404105558754,37.994575271042855,36.70701139934056,11.976139446828537,7.134206636847281,2.087832857249215,0,5,2
solder_bridge_0032,solder_bridge,PCB_SECTION,11.875772915418974,2.239979737379799,0.388040323312492,42.37489465317983,40.06032221151006,11.935817859605566,6.715324288209431,2.207083817392596,0,5,2
solder_bridge_0033,solder_bridge,PCB_SECTION,11.871340023509248,1.8653227917385755,0.4477871089021446,51.2163697657439,39.81621351428824,12.047263976299002,7.265400791836365,1.6243834040765328,0,5,2
solder_bridge_0034,solder_bridge,PCB_SECTION,12.017339510801984,1.9895817290822595,0.4360792270186377,43.46603220990348,39.13909903225134,11.96885328051008,7.029304458685896,1.5702600018800528,0,5,2
solder_bridge_0035,solder_bridge,PCB_SECTION,11.952013908299564,2.486791741861825,0.4359404169814128,42.91631585046769,43.68836982876304,11.863916502169891,6.44527222227689,2.599448993946696,0,5,2
solder_bridge_0036,solder_bridge,PCB_SECTION,12.00689414040734,1.915095937298572,0.3600397837452178,44.790785065580046,39.63337960858239,11.890550563916513,6.929862207224786,1.882569458788427,0,5,2
solder_bridge_0037,solder_bridge,PCB_SECTION,12.038396571962815,1.608262415222775,0.4825973727256578,46.663295126390416,36.910473323801554,11.978358128836163,6.931788924861192,1.7275920064477237,0,5,2
solder_bridge_0038,solder_bridge,PCB_SECTION,11.933485587264745,1.9054053713138868,0.5006434185353564,46.78647323332174,40.80396412200987,12.03699256130044,6.441336495534383,1.9854781133979171,0,5,2
solder_bridge_0039,solder_bridge,PCB_SECTION,12.145573268942009,1.5596073797214491,0.4518276603436632,52.290436901051066,41.1854499379692,12.1414029135562,7.1091693752210805,2.3387761820677464,0,5,2
solder_bridge_0040,solder_bridge,PCB_SECTION,11.892322017846894,2.2785523343194294,0.4527194067030381,44.15964469615065,41.94802225915549,11.94612151621526,6.906471241763168,2.033411714475404,0,5,2
solder_bridge_0041,solder_bridge,PCB_SECTION,11.84555835433659,2.079426180330086,0.3340534793523076,47.18781813771284,38.139912099697895,11.947910709609625,6.58281319385244,1.9178973396332843,0,5,2
solder_bridge_0042,solder_bridge,PCB_SECTION,12.10323895661586,2.191708642558146,0.3847231026360769,39.61584130948946,39.97069611895894,11.927765259538496,7.029954887039752,2.043314124883497,0,5,2
solder_bridge_0043,solder_bridge,PCB_SECTION,12.04680931975901,2.300394650563655,0.3568518531566338,35.35536269895805,36.29765815631495,12.18015284078322,8.01108705004369,2.6409119974480606,0,5,2
solder_bridge_0044,solder_bridge,PCB_SECTION,11.971052794835895,1.3762597213053098,0.3028480449174079,40.54384735380236,37.40577910955192,12.130062540105596,7.433902729771223,2.079591777647068,0,5,2
solder_bridge_0045,solder_bridge,PCB_SECTION,11.866523284358829,1.6637271546142884,0.4327063843535718,45.788203915358906,39.17564378673676,11.896540204039336,7.325333814396043,2.149068838485494,0,5,2
solder_bridge_0046,solder_bridge,PCB_SECTION,11.839400039071473,1.7254876603949103,0.4544247987280783,42.06196985941644,42.767441904909376,12.050112927606458,6.756684405905365,1.9964280398631733,0,5,2
solder_bridge_0047,solder_bridge,PCB_SECTION,12.009507508895656,1.7450633903654016,0.3743705900911186,45.805559575238,40.53581989112629,12.060378146955296,7.757659047161901,1.8103793673959396,0,5,2
solder_bridge_0048,solder_bridge,PCB_SECTION,12.25114061491067,1.6846776085060466,0.3693657218315753,35.960164471403,36.66261405851955,11.949627766317054,7.262968640127325,2.085361829567158,0,5,2
solder_bridge_0049,solder_bridge,PCB_SECTION,11.82105399434713,1.862545816550964,0.4014268989456157,35.89607101215243,35.05715981895989,11.922918636938592,7.716812509910473,2.067007750585073,0,5,2
solder_bridge_0050,solder_bridge,PCB_SECTION,12.099325313092123,1.4754775759977758,0.4797107241506996,48.20440825209637,32.004965098566124,11.929468327608417,7.2478827865077555,2.225535958738364,0,5,2
solder_bridge_0051,solder_bridge,PCB_SECTION,11.898225790426917,1.893075187931221,0.3901309469477428,43.44167218778448,41.59153559438574,11.92289578428588,7.500410248884207,1.7264147746785894,0,5,2
solder_bridge_0052,solder_bridge,PCB_SECTION,11.872855918125468,2.2865081164201246,0.4660968189003808,46.40563974705061,34.05260777534558,11.953404902192794,7.411494296001661,2.014539644197363,0,5,2
solder_bridge_0053,solder_bridge,PCB_SECTION,11.83894607307038,2.1604112786939047,0.3842596370504265,50.17809939356885,42.63452438725478,12.060409742635557,7.6805033523848865,2.0226769725431835,0,5,2
solder_bridge_0054,solder_bridge,PCB_SECTION,12.114815624156252,2.5172021033557264,0.4322749340897156,41.97925131394287,32.88613412546865,11.991686647427851,7.411711592281156,2.3309716996486705,0,5,2
solder_bridge_0055,solder_bridge,PCB_SECTION,12.07565475985776,1.810545316763216,0.3211589215526204,41.01913960798106,37.08696538683815,11.968707103280998,7.309278178488962,2.694986743855194,0,5,2
solder_bridge_0056,solder_bridge,PCB_SECTION,12.018529380276163,1.9241438737952383,0.4070389093497953,43.49753906763085,35.5151187189548,12.012019855874604,7.2254061681659,2.073390122251071,0,5,2
solder_bridge_0057,solder_bridge,PCB_SECTION,12.068631290100717,2.1518116632719875,0.3314051658876777,45.547480633581614,35.98695546301264,11.890416083699604,6.447774086072502,2.151739563665385,0,5,2
solder_bridge_0058,solder_bridge,PCB_SECTION,11.966613760916273,1.4113109256051062,0.4439018907596141,37.24156747680469,38.41946407555464,12.023849892567306,7.442788540847522,2.623589675263398,0,5,2
solder_bridge_0059,solder_bridge,PCB_SECTION,11.795298551114918,1.981634150377933,0.4061832352477891,44.734998743843846,38.647006312800855,11.964745375726338,6.779548905694572,1.609242200685583,0,5,2
solder_bridge_0060,solder_bridge,PCB_SECTION,12.148179237360976,2.160721463559835,0.4658884098897569,41.75841545409794,36.02949359391671,11.892168493337078,7.17945879187033,1.636072371415118,0,5,2
solder_bridge_0061,solder_bridge,PCB_SECTION,12.277299460344985,1.542325096617296,0.4336830059606251,49.26741882885514,39.79726927779143,12.01756737124918,6.515758176519052,1.5163807840013035,0,5,2
solder_bridge_0062,solder_bridge,PCB_SECTION,12.115507516337638,2.527151534271231,0.3980575004760914,38.4437539695346,30.625491708352943,11.901923515633746,6.94317157875048,2.559693134292857,0,5,2
solder_bridge_0063,solder_bridge,PCB_SECTION,12.100970053834946,2.1067798916473635,0.3999940169349434,40.66733713097617,42.216942792523895,12.02007385407584,5.948699654039489,1.764261123235965,0,5,2
solder_bridge_0064,solder_bridge,PCB_SECTION,11.871267595234256,1.8088075967878876,0.4481455330142542,42.570220472823,37.769403778989016,12.131347316132524,6.651769455106656,2.652469834060573,0,5,2
solder_bridge_0065,solder_bridge,PCB_SECTION,11.899303861294335,2.0312193688144,0.4059398202298616,43.493676534003846,39.33377598521939,12.043383524008888,6.62344133468971,1.6069798628933505,0,5,2
solder_bridge_0066,solder_bridge,PCB_SECTION,12.375475768635855,1.8306054811398065,0.4549606219335993,36.56943475790721,37.16116184028597,11.987280061601757,7.2364075349639165,1.0471410506528214,0,5,2
solder_bridge_0067,solder_bridge,PCB_SECTION,12.02492109196175,1.5975904906212377,0.4362172855597461,38.85468321264735,35.43355191222326,11.972637238960672,6.473835265198402,1.8335629436426255,0,5,2
solder_bridge_0068,solder_bridge,PCB_SECTION,11.820993634718503,1.3583903419054453,0.470897852621468,37.815805228704285,37.46395733717605,12.07528910814938,6.692527948741978,1.7111919350890616,0,5,2
solder_bridge_0069,solder_bridge,PCB_SECTION,12.033935713300114,2.391276837954503,0.3615342367456765,42.399408671930246,32.80251621509802,11.96067989963178,7.0171023422690375,1.700881375385727,0,5,2
solder_bridge_0070,solder_bridge,PCB_SECTION,11.931451224926215,1.5071206310923926,0.4238539305690746,47.2227769955326,34.70856839068861,11.937732823344762,7.251273123227091,2.424231751762957,0,5,2
solder_bridge_0071,solder_bridge,PCB_SECTION,11.77602152816866,1.9409253419044177,0.4341565411159762,42.59177443748461,30.56962379936874,12.050109000930878,7.759668175545322,2.0408316129093262,0,5,2
solder_bridge_0072,solder_bridge,PCB_SECTION,11.84533409200586,1.820405463772501,0.5084956533827796,46.63985016344223,39.92007985515299,12.035641258353438,6.6694314439045135,1.929800086770481,0,5,2
solder_bridge_0073,solder_bridge,PCB_SECTION,11.988311589648225,2.192351010622555,0.4954459447133451,47.47335254717251,33.74184693261188,12.022399496890104,7.368381672583949,2.2166011155506222,0,5,2
solder_bridge_0074,solder_bridge,PCB_SECTION,11.905614935491888,3.0199382255189264,0.356145771883444,38.6672462133358,38.70078524378473,12.211680305496383,6.5819025746479145,1.9069600720235529,0,5,2
solder_bridge_0075,solder_bridge,PCB_SECTION,12.161594050952354,1.9937482457892928,0.4032698072734852,45.26253160754688,38.81755397068878,12.103043878563678,7.645734444532682,2.107451071001877,0,5,2
solder_bridge_0076,solder_bridge,PCB_SECTION,12.043759908806749,2.0749388438001466,0.4444565278324643,43.22068255148586,37.99817455303313,12.119662712082723,7.758058090177522,1.472356469378303,0,5,2
solder_bridge_0077,solder_bridge,PCB_SECTION,12.001503172761083,1.7589569482941678,0.4044514266756964,44.61006483894128,40.00831511462741,11.988787355638866,6.043329832638599,1.6622340467983372,0,5,2
solder_bridge_0078,solder_bridge,PCB_SECTION,12.134474950530024,1.040850752287774,0.4793713575841,45.08491996257816,41.94852824459007,11.980143081311905,5.969297287988548,2.150626924527274,0,5,2
solder_bridge_0079,solder_bridge,PCB_SECTION,12.191197968605753,2.323652631929697,0.3868654258255982,43.34704430185059,36.40149119366023,11.918073353581065,7.477694285589925,1.5808636910571932,0,5,2
solder_bridge_0080,solder_bridge,PCB_SECTION,11.86592753541276,1.613591028284665,0.3454876238350476,43.585657167370414,41.48450914544593,11.981512324375473,6.247126099717917,2.29398058890971,0,5,2
solder_bridge_0081,solder_bridge,PCB_SECTION,12.252855263105246,1.773815186548692,0.3960722866641141,45.062642520333576,42.86562124335515,11.948016585427478,6.333775109500897,2.220996512195342,0,5,2
solder_bridge_0082,solder_bridge,PCB_SECTION,12.119860210971344,2.002146007652329,0.3920933370171274,46.97751492396819,39.58410801364389,11.923156448309651,7.024547365652836,1.5269023637913737,0,5,2
solder_bridge_0083,solder_bridge,PCB_SECTION,12.102883568465687,1.9082182507160004,0.3982144583807631,42.868502059390266,38.12092309799074,12.089493006156555,7.295545265662611,1.945256752422519,0,5,2
solder_bridge_0084,solder_bridge,PCB_SECTION,12.114550222457847,2.1402580387920644,0.3986700181856981,42.50112736705405,37.55533133347064,12.05052613431742,6.8164886926391794,1.8633567847524284,0,5,2
solder_bridge_0085,solder_bridge,PCB_SECTION,12.295313596415092,2.3289074186114864,0.381969966778743,45.28376397576879,38.35505019696553,12.03915511752601,7.068670662282552,2.4163749259198326,0,5,2
solder_bridge_0086,solder_bridge,PCB_SECTION,12.051843051697716,1.9782689556249995,0.4721095288491508,43.933140164351485,38.36443573798717,12.031402260248612,6.953195488316816,2.003229447548414,0,5,2
solder_bridge_0087,solder_bridge,PCB_SECTION,11.91199581168572,1.7370914731316425,0.370071480675878,37.432066852811694,35.36084791584633,11.982573296553308,7.051558791222819,1.9050462028983255,0,5,2
solder_bridge_0088,solder_bridge,PCB_SECTION,11.646644476480896,2.55110522521682,0.4743240061445191,44.78303940486852,43.72247201765981,11.902263588251628,7.943812560313002,1.6621750731373082,0,5,2
solder_bridge_0089,solder_bridge,PCB_SECTION,12.035810688793704,1.5541569362030283,0.4207347047772183,44.544665991993554,37.535929006596334,12.071387744409014,7.049507224743628,1.817154845067872,0,5,2
solder_bridge_0090,solder_bridge,PCB_SECTION,11.914978002329647,2.2838198204154936,0.3873128985096516,46.66161188193975,41.66813537849579,11.833128613765387,7.566463193650518,2.721147944455645,0,5,2
solder_bridge_0091,solder_bridge,PCB_SECTION,12.037800564180287,2.209679464853188,0.4718502662184579,41.89807073928391,38.54684067061361,11.868580047037687,7.069317514265226,2.174339198475589,0,5,2
solder_bridge_0092,solder_bridge,PCB_SECTION,12.07742445343897,2.372898653259153,0.3812598910932235,40.86957297330601,43.68652203797407,11.98496716262363,7.100016893656164,1.9765464853961727,0,5,2
solder_bridge_0093,solder_bridge,PCB_SECTION,11.876747876054246,2.568235223812132,0.3936149294039697,38.49085790517228,36.64777916809175,11.799829399827448,6.674356267508409,1.6611549907516858,0,5,2
solder_bridge_0094,solder_bridge,PCB_SECTION,12.092614294639098,1.7643050161540446,0.4643901967789424,48.593935972277286,40.3435260088628,11.978461171113992,7.070557248352796,1.466255270949579,0,5,2
solder_bridge_0095,solder_bridge,PCB_SECTION,11.979933094121812,1.6988465361766083,0.4547163190574649,53.2910095569779,39.49946490792143,11.800885985104534,6.819384903542813,2.0428718238810597,0,5,2
solder_bridge_0096,solder_bridge,PCB_SECTION,12.01310361378904,1.7442154060369364,0.4322645871318467,38.02999665232245,35.1652738319448,12.06457976416037,6.492168384560087,2.18837406192229,0,5,2
solder_bridge_0097,solder_bridge,PCB_SECTION,11.794580433801592,2.617689059327108,0.3812865038797972,42.10533371278623,38.99183978327122,11.943465004749893,7.071702980535652,2.201374853582044,0,5,2
solder_bridge_0098,solder_bridge,PCB_SECTION,12.144091984875525,2.277024102590535,0.4114094768098663,42.41347290382559,45.0473256740751,12.094988906824929,6.539088171839893,2.034995857317943,0,5,2
solder_bridge_0099,solder_bridge,PCB_SECTION,11.949728529183272,1.952633018126912,0.3585252421145956,41.35230706245619,43.43466731958174,12.05790763008755,5.75441929592427,2.425853222374281,0,5,2
solder_bridge_0100,solder_bridge,PCB_SECTION,12.163444428436376,1.8742501434927543,0.4558631771891607,39.5624031567312,36.589232851200926,12.149854636066983,6.864134980065145,1.3455939183157533,0,5,2
solder_bridge_0101,solder_bridge,PCB_SECTION,11.9905045165828,1.9724940624799752,0.4799184284686729,43.05734568870304,36.735253065679125,12.10450561452312,7.060395116250555,1.737492061451999,0,5,2
solder_bridge_0102,solder_bridge,PCB_SECTION,12.173249634081245,2.06778161758088,0.4201462983339719,43.711633565646615,34.78799488575021,11.947234622382169,7.001791300916391,1.931867706741362,0,5,2
solder_bridge_0103,solder_bridge,PCB_SECTION,12.19086425742249,2.076092048454451,0.4627451961318201,43.0375814183034,41.16886545123837,12.039752775657316,7.00671024269423,1.9953509188643432,0,5,2
solder_bridge_0104,solder_bridge,PCB_SECTION,11.856834206056355,2.177420502047709,0.417989763273181,40.99203215927518,41.31938531243622,11.87497839741052,6.788752052283783,2.3597015620728365,0,5,2
solder_bridge_0105,solder_bridge,PCB_SECTION,12.047328441138038,1.983249375321535,0.4325501771575073,43.71765668419537,33.450012361142235,11.965073811465205,7.808260827256874,1.7692365528279914,0,5,2
solder_bridge_0106,solder_bridge,PCB_SECTION,11.95225484788435,1.8104327328417844,0.4156492388340931,40.66750867470281,39.46022450647418,12.019731341229027,7.386773807553509,1.6321705918338638,0,5,2
solder_bridge_0107,solder_bridge,PCB_SECTION,11.948948927567564,1.9209970789357529,0.4427823455044297,39.827115211171865,40.74696141277503,12.118641559051762,6.505563826182208,1.828194486787252,0,5,2
solder_bridge_0108,solder_bridge,PCB_SECTION,11.920210273756188,2.9213351716371245,0.3985049947396056,49.71050176862454,34.20010401468017,11.901034903383565,6.6566977340759,1.7040087409937172,0,5,2
solder_bridge_0109,solder_bridge,PCB_SECTION,11.959815189876226,1.7519276290474757,0.3790329203632713,47.63388798589331,41.6713808675395,12.094929649837532,7.261999477792164,2.0324600730228437,0,5,2
solder_bridge_0110,solder_bridge,PCB_SECTION,11.925445396400114,1.666394873335718,0.4381497851716343,38.30547842981281,35.01823721247382,12.11529132562048,7.950324520861043,2.137653298358268,0,5,2
solder_bridge_0111,solder_bridge,PCB_SECTION,12.165968572844196,1.913953088894606,0.3531162906956158,45.448686474474336,39.7078679698102,12.007166855388023,6.878812270947444,2.3367737025033843,0,5,2
solder_bridge_0112,solder_bridge,PCB_SECTION,11.852140044985878,1.72917679738827,0.3695946746619786,43.33989185054331,34.73632096367223,11.931575781948476,6.647122218886401,1.908787083683115,0,5,2
solder_bridge_0113,solder_bridge,PCB_SECTION,11.776893833039404,2.0305217472130432,0.4823651825332339,43.54196548926705,42.62396343440396,12.133399818587693,7.388867523623928,2.02614004492291,0,5,2
solder_bridge_0114,solder_bridge,PCB_SECTION,12.003375058236816,2.267329920327141,0.4004164695247983,35.469916994130145,39.47601216230888,11.886893137006505,6.518929385904808,2.000078381798526,0,5,2
solder_bridge_0115,solder_bridge,PCB_SECTION,11.98573126836698,1.5057735377895294,0.428274578206657,46.86455864344419,34.614975289202654,12.127248333084877,6.219914587435028,2.741063450529833,0,5,2
solder_bridge_0116,solder_bridge,PCB_SECTION,11.938310935427475,2.050965948889412,0.3253983213757164,42.75145573412277,38.685446533154575,11.991383789590053,6.718459461473813,1.6687024185152648,0,5,2
solder_bridge_0117,solder_bridge,PCB_SECTION,12.169578992930596,2.0107824972492825,0.4970376188258386,40.89407058082031,36.69561591988335,12.081559424459616,6.188512518998218,1.575287823946477,0,5,2
solder_bridge_0118,solder_bridge,PCB_SECTION,12.164622745702976,1.589823124771882,0.3290474492348726,50.474108752292366,33.81854705637738,12.018411939832816,7.034542596362136,1.0162800891836707,0,5,2
solder_bridge_0119,solder_bridge,PCB_SECTION,11.95990244652483,2.156944637317688,0.437715469075943,46.614082735214005,36.837526055283696,12.071250444209216,6.655335465959964,1.5063364042555287,0,5,2
solder_bridge_0120,solder_bridge,PCB_SECTION,11.805340743647816,1.4882613406816048,0.4704792983945597,36.94170596376577,38.82211652194791,11.973407580592756,6.948675713274684,2.477262553319895,0,5,2
solder_bridge_0121,solder_bridge,PCB_SECTION,11.934235894917707,2.214060546542389,0.4218781675690555,42.39192437746921,44.89990737315942,11.855865825428465,7.644565917718722,2.22974229792149,0,5,2
solder_bridge_0122,solder_bridge,PCB_SECTION,11.928071250805232,2.570261481104564,0.3275944943805731,40.912933370803714,34.37455338719277,12.041208346487146,6.443467949406411,2.1515723813594616,0,5,2
solder_bridge_0123,solder_bridge,PCB_SECTION,11.972034537626769,1.8322261200703704,0.4394323623016655,41.92551350424775,34.734095470822886,12.280137298963496,6.756416408485428,1.223836821946795,0,5,2
solder_bridge_0124,solder_bridge,PCB_SECTION,11.87368519654179,1.5564531590695443,0.4613072808020257,44.28661063836634,39.19613840537103,11.962997753416277,6.860324876471539,1.870174113737316,0,5,2
solder_bridge_0125,solder_bridge,PCB_SECTION,11.98782102237968,2.2923667023776924,0.4368037706252673,45.00045131848346,39.49867672474761,12.088444243738174,7.144075020770127,2.1255968254376216,0,5,2
solder_bridge_0126,solder_bridge,PCB_SECTION,12.178320936178974,1.7672339286989107,0.3772128710024246,38.25631360325258,38.54874369086077,11.814626775878088,7.231077048029839,1.9617824169248064,0,5,2
solder_bridge_0127,solder_bridge,PCB_SECTION,12.170195954973158,1.764828941337253,0.4098340857291246,47.48881333317348,42.14940694033446,11.931984763424818,7.09089061629358,2.1030466421894167,0,5,2
solder_bridge_0128,solder_bridge,PCB_SECTION,12.056048010843172,1.9080985192395323,0.4840691699061817,35.44118606551382,36.73660929559675,12.044793073277294,7.228612405974672,2.473465660715167,0,5,2
solder_bridge_0129,solder_bridge,PCB_SECTION,12.179733808980194,1.900060431142472,0.4849935621765302,40.14383302489018,40.79266214837551,12.1810522478421,7.607472053427484,2.037019634233443,0,5,2
solder_bridge_0130,solder_bridge,PCB_SECTION,11.950233184234182,1.46499304630925,0.4355269818957102,38.53913108811632,35.62059600915819,11.880925419926331,6.769803833671673,1.990210704929556,0,5,2
solder_bridge_0131,solder_bridge,PCB_SECTION,12.041042187174856,1.789822677605113,0.4734641853197591,42.16717896804013,35.63683270020344,12.022629226724344,7.981776416771908,2.117306198287291,0,5,2
solder_bridge_0132,solder_bridge,PCB_SECTION,11.94557165589396,1.4653885253584535,0.4090293839513965,43.939712500352464,36.83725732623329,11.8334615361759,6.574717305248283,2.509088461310715,0,5,2
solder_bridge_0133,solder_bridge,PCB_SECTION,12.21510015055957,1.6896762907783909,0.4536378393599711,38.28570886091931,42.212948845984855,12.024523584789424,7.474820749308267,1.3997173284861115,0,5,2
solder_bridge_0134,solder_bridge,PCB_SECTION,12.101645565288733,1.997314077710424,0.4625964535395421,46.6594711923914,38.19735406842425,11.939917036090408,7.389848091089747,1.9789459252082051,0,5,2
solder_bridge_0135,solder_bridge,PCB_SECTION,11.869082256970854,1.67794671898981,0.3461417791843809,40.95883536174775,41.308076138223136,12.017782979970544,6.73511614703848,2.281699578363028,0,5,2
solder_bridge_0136,solder_bridge,PCB_SECTION,11.875128506741492,2.033372596016473,0.4110184813637242,46.11652250235341,33.2683148872415,11.914980225418535,6.180877170452733,1.9091411473667557,0,5,2
solder_bridge_0137,solder_bridge,PCB_SECTION,12.181714125544865,1.8230934766212652,0.3944658030902174,46.48689769673655,41.2056486753659,11.99114289327312,7.342357427024946,1.6230659106927188,0,5,2
solder_bridge_0138,solder_bridge,PCB_SECTION,12.206696150088812,2.752047202877968,0.4460607895594362,34.6626735146288,36.32530921280664,12.061282532166931,6.7892585014168185,2.445269493987534,0,5,2
solder_bridge_0139,solder_bridge,PCB_SECTION,12.08822358966538,1.7527335747319712,0.4216132405385626,39.42466711744364,37.45224536476268,11.944540675956745,7.587380900116519,2.740604219890848,0,5,2
solder_bridge_0140,solder_bridge,PCB_SECTION,11.785321750014637,1.3268742998265868,0.4077413789074307,36.92633720468527,38.13863481101275,12.074893611380592,7.747070948633413,2.070488095550348,0,5,2
solder_bridge_0141,solder_bridge,PCB_SECTION,11.971026716272563,1.3075652791994206,0.4213092574592899,43.28514904219784,39.91687044263824,11.92915118984709,6.78247369988207,1.4826992106435355,0,5,2
solder_bridge_0142,solder_bridge,PCB_SECTION,11.65630607896739,1.612026018221126,0.3414837092873491,44.34684918168245,36.44559782999943,11.946176286992522,6.5077934769123935,0.8686020986206484,0,5,2
solder_bridge_0143,solder_bridge,PCB_SECTION,12.226246612312131,1.6499053170281242,0.3993789965075046,37.18043133884276,40.9157910303219,12.014342893703732,6.586817357367066,1.862719636029592,0,5,2
solder_bridge_0144,solder_bridge,PCB_SECTION,12.25172698831873,1.9744606988415525,0.4109133231192047,39.23447405544294,32.31625654858309,11.983996132642066,7.162742556162309,2.3848545625146844,0,5,2
solder_bridge_0145,solder_bridge,PCB_SECTION,11.662725519825052,1.60621628554194,0.3909629454721774,42.98607660570719,37.56489892541473,11.987831131431273,7.204048029284972,1.683847411227312,0,5,2
solder_bridge_0146,solder_bridge,PCB_SECTION,12.140121216335054,2.151708354594818,0.404008386793596,49.40363196755566,42.6692481067153,12.09328953551938,5.490721614716104,2.5526307824512915,0,5,2
solder_bridge_0147,solder_bridge,PCB_SECTION,12.11921377837079,2.702243023199528,0.4818732295866769,49.31337070998914,40.63596455054114,12.134869319864553,7.99706187036722,2.075794158432372,0,5,2
solder_bridge_0148,solder_bridge,PCB_SECTION,11.76416541838828,1.8923886849947005,0.4394972799691718,43.29955033748623,34.26031410152172,11.836893237480504,6.629418665682586,2.282708844594453,0,5,2
solder_bridge_0149,solder_bridge,PCB_SECTION,12.237050965623446,2.3207986648221954,0.4728713643557068,42.67673770734577,32.77375262688211,11.95447794191173,6.8706177940638105,1.8260316296075112,0,5,2
solder_bridge_0150,solder_bridge,PCB_SECTION,12.008204229806196,2.1544969159625325,0.4626507594121749,41.887520542534666,32.28872178306622,11.951712228070887,7.021855198495992,2.427982772746693,0,5,2
solder_bridge_0151,solder_bridge,PCB_SECTION,11.914828823672384,2.1793902699397907,0.4345043949817716,43.17560213249355,40.79159995797377,11.933915880324742,6.712406775178242,1.99583471191702,0,5,2
solder_bridge_0152,solder_bridge,PCB_SECTION,11.903978024235943,2.17780430186911,0.3843403847816933,43.905216830980535,37.69948169363973,12.021492596477673,6.77012930246848,1.8813190969156104,0,5,2
solder_bridge_0153,solder_bridge,PCB_SECTION,12.014401390199556,2.0707260771564595,0.4197899042304421,49.82144942605234,35.02778924377615,11.993579620504727,6.213185488941508,2.130228517533585,0,5,2
solder_bridge_0154,solder_bridge,PCB_SECTION,11.832713019543478,1.9025914104431985,0.4013967837334337,44.12356450640468,36.34162724736446,11.940469430230602,7.717928232042949,2.0995983766660844,0,5,2
solder_bridge_0155,solder_bridge,PCB_SECTION,11.91584237219666,1.9122082148660693,0.5022677476135372,42.05934048699561,35.93217013054284,11.93150038498736,6.725436759505211,1.7919257971506473,0,5,2
solder_bridge_0156,solder_bridge,PCB_SECTION,11.808052822747614,1.6065299660685577,0.3785339812819315,45.36628407381239,36.85628813818138,11.979283831090596,7.635044012627448,2.4532525024784464,0,5,2
solder_bridge_0157,solder_bridge,PCB_SECTION,11.95768125852934,1.779197771260807,0.3767784843163231,45.77110307883295,37.38587829943314,11.96135051096772,6.593167712431224,1.730616756846014,0,5,2
solder_bridge_0158,solder_bridge,PCB_SECTION,12.048008728723987,1.5395966069394582,0.4697434346893969,40.86462142474033,37.55109216724463,11.866302204185944,6.993817030878818,1.885087670058304,0,5,2
solder_bridge_0159,solder_bridge,PCB_SECTION,11.99248791017153,2.515098114426661,0.428884902289512,39.82136326341679,35.866040268360294,12.059513118591378,7.649346645496712,2.0986713072628675,0,5,2
solder_bridge_0160,solder_bridge,PCB_SECTION,12.103306911683216,2.213408203167847,0.490953220667876,35.20163930909587,40.00165681791359,12.098373604390355,6.3306381469322135,1.6900161355977543,0,5,2
solder_bridge_0161,solder_bridge,PCB_SECTION,11.872382587705776,1.7449234312679158,0.3959141474532237,43.97041125221977,40.59702395350211,12.108131695776851,6.581088469416109,1.704353950453956,0,5,2
solder_bridge_0162,solder_bridge,PCB_SECTION,12.197373276002434,2.2263603773965257,0.4241432420934498,44.893346702219866,37.91058865444568,12.052458468304762,6.83196665174713,2.09408172705373,0,5,2
solder_bridge_0163,solder_bridge,PCB_SECTION,11.773418092444576,1.759275496811099,0.3861494411604828,41.50243986717234,35.22046023566075,11.946645637417692,6.24279296880094,2.192045166738215,0,5,2
solder_bridge_0164,solder_bridge,PCB_SECTION,11.98762297216329,1.4031773372783942,0.3782585044726663,44.34640571024867,36.37093416084263,11.93030585398619,6.962703661495961,2.120259137312376,0,5,2
solder_bridge_0165,solder_bridge,PCB_SECTION,11.784547131444128,2.1925449684262577,0.3799853359196311,42.928288127000805,37.89373957792547,11.947293388176025,6.488170126934643,1.900009708167708,0,5,2
solder_bridge_0166,solder_bridge,PCB_SECTION,12.24379954636128,1.5234137393377292,0.5046156509552437,41.96111531569387,38.10611425126592,11.891328918861529,6.61436529166126,1.8239816224866932,0,5,2
solder_bridge_0167,solder_bridge,PCB_SECTION,11.843145754368312,1.926878714920195,0.3996492054096614,50.403124569742936,34.502077442958615,12.01026905167486,7.123923140950913,1.625387807971857,0,5,2
solder_bridge_0168,solder_bridge,PCB_SECTION,12.103024124317926,1.8605855454914304,0.2953805174208466,45.63939844841826,34.649177347692905,11.89522250538609,7.343951041446199,1.8784934811535423,0,5,2
solder_bridge_0169,solder_bridge,PCB_SECTION,12.137665822582726,2.423558133377861,0.3877535769838851,46.17304998382012,35.73361759582136,12.223311591713218,6.653521497734393,2.359130604336001,0,5,2
solder_bridge_0170,solder_bridge,PCB_SECTION,12.126568503882236,2.110630737738127,0.3864728419291658,42.39441003223436,31.539235661166344,12.022442003838226,7.174807665514193,2.04672479667148,0,5,2
solder_bridge_0171,solder_bridge,PCB_SECTION,11.554004074306116,1.5570272442185662,0.3825954508575668,44.16663573275618,38.86801671692896,11.982977620802885,7.317622768301978,1.640815168643985,0,5,2
solder_bridge_0172,solder_bridge,PCB_SECTION,12.0915352508541,2.166159736693962,0.4388777366418955,42.27183827565737,43.492231474493785,12.049319568848988,6.5158320683732205,2.086906916507594,0,5,2
solder_bridge_0173,solder_bridge,PCB_SECTION,12.112872506561132,1.7941619903764916,0.4744636123465549,44.52813482286404,30.97256498700396,12.029967197733791,6.796985422793642,2.188012935089608,0,5,2
solder_bridge_0174,solder_bridge,PCB_SECTION,12.141632226037771,2.0683067164996363,0.5032626116972347,42.285172461746015,39.87445346916162,12.080494257363735,6.951327015553634,2.272571007792224,0,5,2
solder_bridge_0175,solder_bridge,PCB_SECTION,11.910799051925675,1.8521010533425732,0.3543755654831844,43.96563646548019,38.97575502756303,12.117926315857924,7.395570002177942,1.9003215551733983,0,5,2
solder_bridge_0176,solder_bridge,PCB_SECTION,11.82327304689986,2.151497640881991,0.4755376586207321,46.020739895215776,41.25343257457186,11.978811046880177,6.7666905159121775,1.7420845267188705,0,5,2
solder_bridge_0177,solder_bridge,PCB_SECTION,11.99161553000796,1.9724932214109128,0.4303338814269558,42.48281017185797,37.59911681081969,11.922330594702784,7.470809506775746,2.026781321785299,0,5,2
solder_bridge_0178,solder_bridge,PCB_SECTION,11.973833409857209,1.7383997613627784,0.3534043444804456,48.231856770197375,39.66391612439542,11.837608215743003,7.381571150354828,2.3228684095815884,0,5,2
solder_bridge_0179,solder_bridge,PCB_SECTION,12.01865641834514,2.5593388135131154,0.4308359821061441,37.33270588820324,39.09550700314496,12.024489730171274,6.698351575610922,2.200745592907099,0,5,2
solder_bridge_0180,solder_bridge,PCB_SECTION,11.74985021007137,2.346698389604976,0.3760939148197273,39.06021549953187,37.65852568307757,12.043297292804365,7.0819620317967145,1.7400692919796676,0,5,2
solder_bridge_0181,solder_bridge,PCB_SECTION,11.924086606321216,1.6034351784178882,0.4087660049185064,47.30008485804364,37.98721118706837,12.085941425475946,7.727700668863096,1.7941935183370616,0,5,2
solder_bridge_0182,solder_bridge,PCB_SECTION,11.972014012041695,2.759917501371873,0.4922171705989973,36.31038189675059,39.16144494818272,12.00005599923397,7.413226555429381,1.7392574313802307,0,5,2
solder_bridge_0183,solder_bridge,PCB_SECTION,11.8740587441939,1.7633752496472366,0.3914035726900783,46.26129666723606,34.45639648055336,11.937738610004068,6.10549380474928,2.3524912381943306,0,5,2
solder_bridge_0184,solder_bridge,PCB_SECTION,12.190654514914671,1.8855242991976748,0.4051025317593388,44.81288760913159,42.42344602213477,12.040861074756393,6.651229028762443,1.433412099804746,0,5,2
solder_bridge_0185,solder_bridge,PCB_SECTION,11.832731060600477,2.025626807609363,0.3872336238399603,43.77987082396304,36.3412279512913,11.894185356870558,6.411484184273465,2.5468240782806304,0,5,2
solder_bridge_0186,solder_bridge,PCB_SECTION,12.133348162377546,2.605681283139785,0.4469975450377551,41.28003436554064,41.97002276746981,11.996693199863824,7.110420885145176,1.9850114673235684,0,5,2
solder_bridge_0187,solder_bridge,PCB_SECTION,11.557964367107395,2.5616572543031983,0.4445501972978876,44.31929224347404,37.81467181318832,12.016342782038612,6.701360532076876,2.2158027733075447,0,5,2
solder_bridge_0188,solder_bridge,PCB_SECTION,11.80393524834013,2.0651239513646917,0.4480786735285552,42.20532346470839,39.11260337741307,11.900866560776574,6.517086614552018,2.082850992359237,0,5,2
solder_bridge_0189,solder_bridge,PCB_SECTION,12.101782448193156,1.3437970205744012,0.4461010317555383,40.82719399849465,37.42158173807776,11.866048207643496,6.574191379906646,2.338143863935609,0,5,2
solder_bridge_0190,solder_bridge,PCB_SECTION,12.004929506097032,1.8660275594016544,0.4141755823684482,44.9568472986572,39.32148348849001,11.99249729996032,7.546479555448334,2.339661922917333,0,5,2
solder_bridge_0191,solder_bridge,PCB_SECTION,12.06200580436956,2.019114124018525,0.4528660547559769,44.257069687204734,41.18240021541784,12.08995613767383,6.490873049291135,1.6199128902404027,0,5,2
solder_bridge_0192,solder_bridge,PCB_SECTION,11.894812568339388,2.3416485415234223,0.3411845501614376,44.579029556431976,39.087629273278885,12.11626480586862,7.090169345331944,1.5298767132956348,0,5,2
solder_bridge_0193,solder_bridge,PCB_SECTION,11.85609675590278,1.5863015673357614,0.393102801683343,42.26839373030429,34.50367542133683,12.147066199065229,6.33735931402378,2.4711361983518683,0,5,2
solder_bridge_0194,solder_bridge,PCB_SECTION,12.177774454715902,2.3144058923911626,0.3853116696251624,44.369803516707606,34.167886599348144,12.091090703503374,6.963007609231865,1.8567379248946605,0,5,2
solder_bridge_0195,solder_bridge,PCB_SECTION,11.81643827300156,1.1328728584798442,0.3680729571482122,47.45119278245163,36.79149971457559,11.983067114288495,7.327777179144227,2.631984107340693,0,5,2
solder_bridge_0196,solder_bridge,PCB_SECTION,12.198750698241843,1.6596827486643342,0.3228714714281296,52.438457036400415,44.80697483497836,12.018845359642928,6.364755877209089,2.337129286862879,0,5,2
solder_bridge_0197,solder_bridge,PCB_SECTION,11.983802447098109,1.9604566069126863,0.4647229421552564,44.33749898749319,34.44255526695517,11.967525806491803,7.330576464330673,2.1785882778417567,0,5,2
solder_bridge_0198,solder_bridge,PCB_SECTION,12.03930248615377,2.3266980340665526,0.4019141506091367,43.71467910087629,27.8732626994672,11.955034980615718,7.381951454287822,1.863361936509,0,5,2
solder_bridge_0199,solder_bridge,PCB_SECTION,11.930065891242434,1.6354914668788134,0.4701682946364572,45.193853094162286,40.47624379346925,11.827378603804211,6.919774978367183,1.9019611472874975,0,5,2
solder_bridge_0200,solder_bridge,PCB_SECTION,11.957914244010215,1.7843903596987154,0.4026947864109992,46.398579130826604,32.26144593995651,12.177729476803046,7.241920562513231,1.9851838365189256,0,5,2
